2026-09-28 13:20:28 | INFO | P06 | === RUN START ===
2026-09-28 13:20:28 | INFO | P06 | project=P06 - LINEAR REGRESSION
2026-09-28 13:20:28 | INFO | P06 | repo_dir=datafun-06-ml
2026-09-28 13:20:28 | INFO | P06 | python=3.14.7
2026-09-28 13:20:28 | INFO | P06 | os=Windows 11
2026-09-28 13:20:28 | INFO | P06 | shell=powershell
2026-09-28 13:20:28 | INFO | P06 | cwd=.
2026-09-28 13:20:28 | INFO | P06 | github_actions=False
2026-09-28 13:20:28 | INFO | P06 | ===================================
2026-09-28 13:20:28 | INFO | P06 | START main()
2026-09-28 13:20:28 | INFO | P06 | ===================================
2026-09-28 13:20:28 | INFO | P06 | -------------------------------
2026-09-28 13:20:28 | INFO | P06 | 01. OBSERVE the data and prior findings.
2026-09-28 13:20:28 | INFO | P06 | -------------------------------
2026-09-28 13:20:28 | INFO | P06 | data file = data\raw\penguins.csv
2026-09-28 13:20:28 | INFO | P06 | Data loaded successfully.
2026-09-28 13:20:28 | INFO | P06 | Grain: one penguin
2026-09-28 13:20:28 | INFO | P06 | Rows: 344
2026-09-28 13:20:28 | INFO | P06 | Columns: 8
2026-09-28 13:20:28 | INFO | P06 | Column names: ['species', 'island', 'bill_length_mm', 'bill_depth_mm', 'flipper_length_mm', 'body_mass_g', 'sex', 'year']
2026-09-28 13:20:28 | INFO | P06 | -------------------------------
2026-09-28 13:20:28 | INFO | P06 | 02. DECLARE the target and feature.
2026-09-28 13:20:28 | INFO | P06 | -------------------------------
2026-09-28 13:20:28 | INFO | P06 | Target:  body_mass_g
2026-09-28 13:20:28 | INFO | P06 | Feature: bill_length_mm
2026-09-28 13:20:28 | INFO | P06 | 
I want to predict body mass.

I selected bill length as the feature.

A bigger penguin may have both a longer bill and more mass,
so bill length might contain useful information
for predicting body mass.

I do not know yet how well bill length will predict body mass.
The modeling process will provide evidence.

2026-09-28 13:20:28 | INFO | P06 | -------------------------------
2026-09-28 13:20:28 | INFO | P06 | 03. PREPARE the modeling data.
2026-09-28 13:20:28 | INFO | P06 | -------------------------------
2026-09-28 13:20:28 | INFO | P06 | Original rows: 344
2026-09-28 13:20:28 | INFO | P06 | Modeling rows: 342
2026-09-28 13:20:28 | INFO | P06 | Rows dropped: 2
2026-09-28 13:20:28 | INFO | P06 | X shape: (342, 1)
2026-09-28 13:20:28 | INFO | P06 | y shape: (342,)
2026-09-28 13:20:28 | INFO | P06 | -------------------------------
2026-09-28 13:20:28 | INFO | P06 | 04. SPLIT into training and test data.
2026-09-28 13:20:28 | INFO | P06 | -------------------------------
2026-09-28 13:20:28 | INFO | P06 | 
I will use 80% of the modeling rows for training
and hold back 20% for testing.

I want most of the available data to be available
for learning the model,
while still keeping a separate set of observations
that the model did not see during training.

The test rows will be used later
to evaluate how the trained model performs
on unseen observations.

I will use a random seed of 42.

The specific value 42 is not analytically important.
I use a fixed seed so the random split is reproducible.
Running the project again will produce the same
training and test observations,
which makes results easier to reproduce and compare.

2026-09-28 13:20:28 | INFO | P06 | Training rows: 273
2026-09-28 13:20:28 | INFO | P06 | Test rows: 69
2026-09-28 13:20:28 | INFO | P06 | -------------------------------
2026-09-28 13:20:28 | INFO | P06 | 05. BASELINE with a simple reference model.
2026-09-28 13:20:28 | INFO | P06 | -------------------------------
2026-09-28 13:20:28 | INFO | P06 | 
Before evaluating the LinearRegression model,
I need a simple baseline for comparison.

The baseline will ignore bill length
and predict the average body mass
from the training data for every test observation.

A useful predictive model should improve
on this simple reference prediction.

2026-09-28 13:20:28 | INFO | P06 | Baseline strategy: mean
2026-09-28 13:20:28 | INFO | P06 | Baseline RMSE: 751.68
2026-09-28 13:20:28 | INFO | P06 | Baseline R-squared: -0.002
2026-09-28 13:20:28 | INFO | P06 | -------------------------------
2026-09-28 13:20:28 | INFO | P06 | 06. TRAIN a LinearRegression model.
2026-09-28 13:20:28 | INFO | P06 | -------------------------------
2026-09-28 13:20:28 | INFO | P06 | 
I will use LinearRegression.

Linear regression fits a straight-line relationship
between the selected feature and target.

This gives a simple and interpretable model
that can be compared with the baseline.

Fitting a line does not prove that a straight line
is a good description of the relationship.

The evaluation metrics and residual plot
will help assess whether the model is useful.

2026-09-28 13:20:28 | INFO | P06 | The model learned this line:
2026-09-28 13:20:28 | INFO | P06 | body_mass_g = 85.343 * bill_length_mm + 454.089
2026-09-28 13:20:28 | INFO | P06 | -------------------------------
2026-09-28 13:20:28 | INFO | P06 | 07. PREDICT on X_test.
2026-09-28 13:20:28 | INFO | P06 | -------------------------------
2026-09-28 13:20:28 | INFO | P06 | Predictions created: 69
2026-09-28 13:20:28 | INFO | P06 | -------------------------------
2026-09-28 13:20:28 | INFO | P06 | 08. EVALUATE baseline vs model on y_test.
2026-09-28 13:20:28 | INFO | P06 | -------------------------------
2026-09-28 13:20:28 | INFO | P06 | BASELINE RESULTS
2026-09-28 13:20:28 | INFO | P06 | RMSE:      751.68
2026-09-28 13:20:28 | INFO | P06 | R-squared: -0.002
2026-09-28 13:20:28 | INFO | P06 | LINEAR REGRESSION RESULTS
2026-09-28 13:20:28 | INFO | P06 | RMSE:      565.76
2026-09-28 13:20:28 | INFO | P06 | R-squared: 0.433
2026-09-28 13:20:28 | INFO | P06 | -------------------------------
2026-09-28 13:20:28 | INFO | P06 | 09. VISUALIZE predictions and residuals.
2026-09-28 13:20:28 | INFO | P06 | -------------------------------
2026-09-28 13:20:28 | INFO | P06 | Chart saved successfully at docs\images\regression-predictions.png.
2026-09-28 13:20:29 | INFO | P06 | Chart saved successfully at docs\images\regression-residuals.png.
2026-09-28 13:20:29 | INFO | P06 | -------------------------------
2026-09-28 13:20:29 | INFO | P06 | 10. ASSESS the results.
2026-09-28 13:20:29 | INFO | P06 | -------------------------------
2026-09-28 13:20:29 | INFO | P06 | CUSTOM OBSERVATIONS:
    I used bill length to predict body mass.

    The baseline RMSE was ...
    The LinearRegression RMSE was ...

    Compared with the baseline,
    the LinearRegression model ...

    The model R-squared was ...

    In the residual plot, I observed ...

    Based on this evidence,
    I conclude ...

    Next, I would like to try ...
    
2026-09-28 13:20:29 | INFO | P06 | In a script, call plt.show() at the end to display all charts.
2026-09-28 13:20:29 | INFO | P06 | Close all chart windows (with the close button) to continue.
2026-10-01 18:45:06 | INFO | P06-CO2 | === RUN START ===
2026-10-01 18:45:06 | INFO | P06-CO2 | project=P06 - LINEAR REGRESSION - CO2
2026-10-01 18:45:06 | INFO | P06-CO2 | repo_dir=datafun-06-ml
2026-10-01 18:45:06 | INFO | P06-CO2 | python=3.14.7
2026-10-01 18:45:06 | INFO | P06-CO2 | os=Windows 11
2026-10-01 18:45:06 | INFO | P06-CO2 | shell=powershell
2026-10-01 18:45:06 | INFO | P06-CO2 | cwd=.
2026-10-01 18:45:06 | INFO | P06-CO2 | github_actions=False
2026-10-01 18:45:06 | INFO | P06-CO2 | ===================================
2026-10-01 18:45:06 | INFO | P06-CO2 | START main()
2026-10-01 18:45:06 | INFO | P06-CO2 | ===================================
2026-10-01 18:45:06 | INFO | P06-CO2 | -------------------------------
2026-10-01 18:45:06 | INFO | P06-CO2 | 01. OBSERVE the data and prior findings.
2026-10-01 18:45:06 | INFO | P06-CO2 | -------------------------------
2026-10-01 18:45:06 | INFO | P06-CO2 | data file = data\raw\owid-co2-data-subset.csv
2026-10-01 18:45:06 | INFO | P06-CO2 | Data loaded successfully.
2026-10-01 18:45:06 | INFO | P06-CO2 | Grain: one country or entity in one year
2026-10-01 18:45:06 | INFO | P06-CO2 | Rows: 350
2026-10-01 18:45:06 | INFO | P06-CO2 | Columns: 14
2026-10-01 18:45:06 | INFO | P06-CO2 | Column names: ['country', 'year', 'population', 'gdp', 'co2', 'co2_per_capita', 'coal_co2', 'oil_co2', 'gas_co2', 'cement_co2', 'methane', 'nitrous_oxide', 'total_ghg', 'temperature_change_from_co2']
2026-10-01 18:45:06 | INFO | P06-CO2 | -------------------------------
2026-10-01 18:45:06 | INFO | P06-CO2 | 02. DECLARE the target and feature.
2026-10-01 18:45:06 | INFO | P06-CO2 | -------------------------------
2026-10-01 18:45:06 | INFO | P06-CO2 | Target:  co2
2026-10-01 18:45:06 | INFO | P06-CO2 | Feature: gdp
2026-10-01 18:45:06 | INFO | P06-CO2 | 
I want to predict CO2 emissions.

I selected GDP as the feature.

Economic activity often requires energy,
transportation, manufacturing, construction,
and other activities that can produce CO2 emissions.

GDP might therefore contain useful information
for predicting CO2 emissions.

I do not know yet how well GDP will predict CO2 emissions.
The modeling process will provide evidence.

2026-10-01 18:45:06 | INFO | P06-CO2 | -------------------------------
2026-10-01 18:45:06 | INFO | P06-CO2 | 03. PREPARE the modeling data.
2026-10-01 18:45:06 | INFO | P06-CO2 | -------------------------------
2026-10-01 18:45:06 | INFO | P06-CO2 | Original rows: 350
2026-10-01 18:45:06 | INFO | P06-CO2 | Modeling rows: 308
2026-10-01 18:45:06 | INFO | P06-CO2 | Rows dropped: 42
2026-10-01 18:45:06 | INFO | P06-CO2 | X shape: (308, 1)
2026-10-01 18:45:06 | INFO | P06-CO2 | y shape: (308,)
2026-10-01 18:45:06 | INFO | P06-CO2 | -------------------------------
2026-10-01 18:45:06 | INFO | P06-CO2 | 04. SPLIT into training and test data.
2026-10-01 18:45:06 | INFO | P06-CO2 | -------------------------------
2026-10-01 18:45:06 | INFO | P06-CO2 | 
I will use 80% of the modeling rows for training
and hold back 20% for testing.

I want most of the available data to be available
for learning the model,
while still keeping a separate set of observations
that the model did not see during training.

The test rows will be used later
to evaluate how the trained model performs
on unseen observations.

I will use a random seed of 42.

The specific value 42 is not analytically important.
I use a fixed seed so the random split is reproducible.
Running the project again will produce the same
training and test observations,
which makes results easier to reproduce and compare.

2026-10-01 18:45:06 | INFO | P06-CO2 | Training rows: 246
2026-10-01 18:45:06 | INFO | P06-CO2 | Test rows: 62
2026-10-01 18:45:06 | INFO | P06-CO2 | -------------------------------
2026-10-01 18:45:06 | INFO | P06-CO2 | 05. BASELINE with a simple reference model.
2026-10-01 18:45:06 | INFO | P06-CO2 | -------------------------------
2026-10-01 18:45:06 | INFO | P06-CO2 | 
Before evaluating the LinearRegression model,
I need a simple baseline for comparison.

The baseline will ignore GDP
and predict the average CO2 emissions
from the training data for every test observation.

A useful predictive model should improve
on this simple reference prediction.

2026-10-01 18:45:07 | INFO | P06-CO2 | Baseline strategy: mean
2026-10-01 18:45:07 | INFO | P06-CO2 | Baseline RMSE: 6327.50
2026-10-01 18:45:07 | INFO | P06-CO2 | Baseline R-squared: -0.000
2026-10-01 18:45:07 | INFO | P06-CO2 | -------------------------------
2026-10-01 18:45:07 | INFO | P06-CO2 | 06. TRAIN a LinearRegression model.
2026-10-01 18:45:07 | INFO | P06-CO2 | -------------------------------
2026-10-01 18:45:07 | INFO | P06-CO2 | 
I will use LinearRegression.

Linear regression fits a straight-line relationship
between the selected feature and target.

This gives a simple and interpretable model
that can be compared with the baseline.

Fitting a line does not prove that a straight line
is a good description of the relationship.

The evaluation metrics and residual plot
will help assess whether the model is useful.

2026-10-01 18:45:07 | INFO | P06-CO2 | The model learned this line:
2026-10-01 18:45:07 | INFO | P06-CO2 | co2 = 3.23064e-10 * gdp + 324.984
2026-10-01 18:45:07 | INFO | P06-CO2 | -------------------------------
2026-10-01 18:45:07 | INFO | P06-CO2 | 07. PREDICT on X_test.
2026-10-01 18:45:07 | INFO | P06-CO2 | -------------------------------
2026-10-01 18:45:07 | INFO | P06-CO2 | Predictions created: 62
2026-10-01 18:45:07 | INFO | P06-CO2 | -------------------------------
2026-10-01 18:45:07 | INFO | P06-CO2 | 08. EVALUATE baseline vs model on y_test.
2026-10-01 18:45:07 | INFO | P06-CO2 | -------------------------------
2026-10-01 18:45:07 | INFO | P06-CO2 | BASELINE RESULTS
2026-10-01 18:45:07 | INFO | P06-CO2 | RMSE:      6327.50
2026-10-01 18:45:07 | INFO | P06-CO2 | R-squared: -0.000
2026-10-01 18:45:07 | INFO | P06-CO2 | LINEAR REGRESSION RESULTS
2026-10-01 18:45:07 | INFO | P06-CO2 | RMSE:      1156.51
2026-10-01 18:45:07 | INFO | P06-CO2 | R-squared: 0.967
2026-10-01 18:45:07 | INFO | P06-CO2 | -------------------------------
2026-10-01 18:45:07 | INFO | P06-CO2 | 09. VISUALIZE predictions and residuals.
2026-10-01 18:45:07 | INFO | P06-CO2 | -------------------------------
2026-10-01 18:45:07 | INFO | P06-CO2 | Chart saved successfully at docs\images\co2-regression-predictions.png.
2026-10-01 18:45:07 | INFO | P06-CO2 | Chart saved successfully at docs\images\co2-regression-residuals.png.
2026-10-01 18:45:07 | INFO | P06-CO2 | -------------------------------
2026-10-01 18:45:07 | INFO | P06-CO2 | 10. ASSESS the results.
2026-10-01 18:45:07 | INFO | P06-CO2 | -------------------------------
2026-10-01 18:45:07 | INFO | P06-CO2 | CUSTOM OBSERVATIONS:
    I used GDP to predict CO2 emissions.

    The baseline RMSE was ...
    The LinearRegression RMSE was ...

    Compared with the baseline,
    the LinearRegression model ...

    The model R-squared was ...

    In the residual plot, I observed ...

    Based on this evidence,
    I conclude ...

    Next, I would like to try ...
    
2026-10-01 18:45:07 | INFO | P06-CO2 | In a script, call plt.show() at the end to display all charts.
2026-10-01 18:45:07 | INFO | P06-CO2 | Close all chart windows (with the close button) to continue.
2026-10-01 18:52:15 | INFO | P06-CO2 | ===================================
2026-10-01 18:52:15 | INFO | P06-CO2 | END main() - Executed successfully!
2026-10-01 18:52:15 | INFO | P06-CO2 | ===================================
2026-10-01 18:53:07 | INFO | P06-HOME-SALES | === RUN START ===
2026-10-01 18:53:07 | INFO | P06-HOME-SALES | project=P06 - LINEAR REGRESSION - HOME SALES
2026-10-01 18:53:07 | INFO | P06-HOME-SALES | repo_dir=datafun-06-ml
2026-10-01 18:53:07 | INFO | P06-HOME-SALES | python=3.14.7
2026-10-01 18:53:07 | INFO | P06-HOME-SALES | os=Windows 11
2026-10-01 18:53:07 | INFO | P06-HOME-SALES | shell=powershell
2026-10-01 18:53:07 | INFO | P06-HOME-SALES | cwd=.
2026-10-01 18:53:07 | INFO | P06-HOME-SALES | github_actions=False
2026-10-01 18:53:07 | INFO | P06-HOME-SALES | ===================================
2026-10-01 18:53:07 | INFO | P06-HOME-SALES | START main()
2026-10-01 18:53:07 | INFO | P06-HOME-SALES | ===================================
2026-10-01 18:53:07 | INFO | P06-HOME-SALES | -------------------------------
2026-10-01 18:53:07 | INFO | P06-HOME-SALES | 01. OBSERVE the data.
2026-10-01 18:53:07 | INFO | P06-HOME-SALES | -------------------------------
2026-10-01 18:53:07 | INFO | P06-HOME-SALES | data file = data\home_sales.csv
2026-10-01 18:54:17 | INFO | P06-HOME-SALES | === RUN START ===
2026-10-01 18:54:17 | INFO | P06-HOME-SALES | project=P06 - LINEAR REGRESSION - HOME SALES
2026-10-01 18:54:17 | INFO | P06-HOME-SALES | repo_dir=datafun-06-ml
2026-10-01 18:54:17 | INFO | P06-HOME-SALES | python=3.14.7
2026-10-01 18:54:17 | INFO | P06-HOME-SALES | os=Windows 11
2026-10-01 18:54:17 | INFO | P06-HOME-SALES | shell=powershell
2026-10-01 18:54:17 | INFO | P06-HOME-SALES | cwd=.
2026-10-01 18:54:17 | INFO | P06-HOME-SALES | github_actions=False
2026-10-01 18:54:17 | INFO | P06-HOME-SALES | ===================================
2026-10-01 18:54:17 | INFO | P06-HOME-SALES | START main()
2026-10-01 18:54:17 | INFO | P06-HOME-SALES | ===================================
2026-10-01 18:54:17 | INFO | P06-HOME-SALES | -------------------------------
2026-10-01 18:54:17 | INFO | P06-HOME-SALES | 01. OBSERVE the data.
2026-10-01 18:54:17 | INFO | P06-HOME-SALES | -------------------------------
2026-10-01 18:54:17 | INFO | P06-HOME-SALES | data file = data\home_sales.csv
2026-10-01 18:54:17 | INFO | P06-HOME-SALES | Data loaded successfully.
2026-10-01 18:54:17 | INFO | P06-HOME-SALES | Grain: one home sale
2026-10-01 18:54:17 | INFO | P06-HOME-SALES | Rows: 250
2026-10-01 18:54:17 | INFO | P06-HOME-SALES | Columns: 8
2026-10-01 18:54:17 | INFO | P06-HOME-SALES | Column names: ['neighborhood', 'property_type', 'price', 'sqft', 'bedrooms', 'bathrooms', 'year_built', 'satisfaction']
2026-10-01 18:54:17 | INFO | P06-HOME-SALES | -------------------------------
2026-10-01 18:54:17 | INFO | P06-HOME-SALES | 02. DECLARE the target and feature.
2026-10-01 18:54:17 | INFO | P06-HOME-SALES | -------------------------------
2026-10-01 18:54:17 | INFO | P06-HOME-SALES | Target:  price
2026-10-01 18:54:17 | INFO | P06-HOME-SALES | Feature: sqft
2026-10-01 18:54:17 | INFO | P06-HOME-SALES | 
I want to predict home sale price.

I selected square footage as the feature.

Square footage provides a measurement of the size
of the home. Larger homes may have higher sale prices
because they provide more living space.

Square footage might therefore contain useful information
for predicting home prices.

I do not know yet how well square footage will predict
home prices. The modeling process will provide evidence.

2026-10-01 18:54:17 | INFO | P06-HOME-SALES | -------------------------------
2026-10-01 18:54:17 | INFO | P06-HOME-SALES | 03. PREPARE the modeling data.
2026-10-01 18:54:17 | INFO | P06-HOME-SALES | -------------------------------
2026-10-01 18:54:17 | INFO | P06-HOME-SALES | Original rows: 250
2026-10-01 18:54:17 | INFO | P06-HOME-SALES | Modeling rows: 250
2026-10-01 18:54:17 | INFO | P06-HOME-SALES | Rows dropped: 0
2026-10-01 18:54:17 | INFO | P06-HOME-SALES | X shape: (250, 1)
2026-10-01 18:54:17 | INFO | P06-HOME-SALES | y shape: (250,)
2026-10-01 18:54:17 | INFO | P06-HOME-SALES | -------------------------------
2026-10-01 18:54:17 | INFO | P06-HOME-SALES | 04. SPLIT into training and test data.
2026-10-01 18:54:17 | INFO | P06-HOME-SALES | -------------------------------
2026-10-01 18:54:17 | INFO | P06-HOME-SALES | 
I will use 80% of the modeling rows for training
and hold back 20% for testing.

I want most of the available data to be available
for learning the model while keeping a separate
set of observations that the model did not see
during training.

The test rows will be used to evaluate how the
trained model performs on unseen observations.

I will use a random seed of 42 so the split is
reproducible.

2026-10-01 18:54:17 | INFO | P06-HOME-SALES | Training rows: 200
2026-10-01 18:54:17 | INFO | P06-HOME-SALES | Test rows: 50
2026-10-01 18:54:17 | INFO | P06-HOME-SALES | -------------------------------
2026-10-01 18:54:17 | INFO | P06-HOME-SALES | 05. BASELINE with a simple reference model.
2026-10-01 18:54:17 | INFO | P06-HOME-SALES | -------------------------------
2026-10-01 18:54:17 | INFO | P06-HOME-SALES | 
Before evaluating the LinearRegression model,
I need a simple baseline for comparison.

The baseline will ignore square footage and predict
the average home price from the training data for
every test observation.

A useful predictive model should improve on this
simple reference prediction.

2026-10-01 18:54:17 | INFO | P06-HOME-SALES | Baseline strategy: mean
2026-10-01 18:54:17 | INFO | P06-HOME-SALES | Baseline RMSE: 209277.19
2026-10-01 18:54:17 | INFO | P06-HOME-SALES | Baseline R-squared: -0.021
2026-10-01 18:54:17 | INFO | P06-HOME-SALES | -------------------------------
2026-10-01 18:54:17 | INFO | P06-HOME-SALES | 06. TRAIN a LinearRegression model.
2026-10-01 18:54:17 | INFO | P06-HOME-SALES | -------------------------------
2026-10-01 18:54:17 | INFO | P06-HOME-SALES | 
I will use LinearRegression.

Linear regression fits a straight-line relationship
between square footage and home price.

This provides a simple and interpretable model
that can be compared with the baseline.

Fitting a line does not prove that a straight-line
relationship is a good description of home prices.

The evaluation metrics and residual plot will help
assess whether the model is useful.

2026-10-01 18:54:17 | INFO | P06-HOME-SALES | The model learned this line:
2026-10-01 18:54:17 | INFO | P06-HOME-SALES | price = 206.08 * sqft + 172519
2026-10-01 18:54:17 | INFO | P06-HOME-SALES | -------------------------------
2026-10-01 18:54:17 | INFO | P06-HOME-SALES | 07. PREDICT on X_test.
2026-10-01 18:54:17 | INFO | P06-HOME-SALES | -------------------------------
2026-10-01 18:54:17 | INFO | P06-HOME-SALES | Predictions created: 50
2026-10-01 18:54:17 | INFO | P06-HOME-SALES | -------------------------------
2026-10-01 18:54:17 | INFO | P06-HOME-SALES | 08. EVALUATE baseline vs model on y_test.
2026-10-01 18:54:17 | INFO | P06-HOME-SALES | -------------------------------
2026-10-01 18:54:17 | INFO | P06-HOME-SALES | BASELINE RESULTS
2026-10-01 18:54:17 | INFO | P06-HOME-SALES | RMSE:      209277.19
2026-10-01 18:54:17 | INFO | P06-HOME-SALES | R-squared: -0.021
2026-10-01 18:54:17 | INFO | P06-HOME-SALES | LINEAR REGRESSION RESULTS
2026-10-01 18:54:17 | INFO | P06-HOME-SALES | RMSE:      169594.90
2026-10-01 18:54:17 | INFO | P06-HOME-SALES | R-squared: 0.329
2026-10-01 18:54:17 | INFO | P06-HOME-SALES | -------------------------------
2026-10-01 18:54:17 | INFO | P06-HOME-SALES | 09. VISUALIZE predictions and residuals.
2026-10-01 18:54:17 | INFO | P06-HOME-SALES | -------------------------------
2026-10-01 18:54:17 | INFO | P06-HOME-SALES | Chart saved successfully at docs\images\home-sales-regression-predictions.png.
2026-10-01 18:54:18 | INFO | P06-HOME-SALES | Chart saved successfully at docs\images\home-sales-regression-residuals.png.
2026-10-01 18:54:18 | INFO | P06-HOME-SALES | -------------------------------
2026-10-01 18:54:18 | INFO | P06-HOME-SALES | 10. ASSESS the results.
2026-10-01 18:54:18 | INFO | P06-HOME-SALES | -------------------------------
2026-10-01 18:54:18 | INFO | P06-HOME-SALES | CUSTOM OBSERVATIONS:

I used square footage to predict home prices.

The baseline RMSE was ...

The LinearRegression RMSE was ...

Compared with the baseline,
the LinearRegression model ...

The model R-squared was ...

In the residual plot, I observed ...

Based on this evidence,
I conclude ...

Next, I would like to try using another
feature such as bedrooms or bathrooms.

2026-10-01 18:54:18 | INFO | P06-HOME-SALES | ===================================
2026-10-01 18:54:18 | INFO | P06-HOME-SALES | END main() - Executed successfully!
2026-10-01 18:54:18 | INFO | P06-HOME-SALES | ===================================
2026-10-01 18:58:29 | INFO | P06-HOME-SALES | === RUN START ===
2026-10-01 18:58:29 | INFO | P06-HOME-SALES | project=P06 - LINEAR REGRESSION - HOME SALES
2026-10-01 18:58:29 | INFO | P06-HOME-SALES | repo_dir=datafun-06-ml
2026-10-01 18:58:29 | INFO | P06-HOME-SALES | python=3.14.7
2026-10-01 18:58:29 | INFO | P06-HOME-SALES | os=Windows 11
2026-10-01 18:58:29 | INFO | P06-HOME-SALES | shell=powershell
2026-10-01 18:58:29 | INFO | P06-HOME-SALES | cwd=.
2026-10-01 18:58:29 | INFO | P06-HOME-SALES | github_actions=False
2026-10-01 18:58:29 | INFO | P06-HOME-SALES | ===================================
2026-10-01 18:58:29 | INFO | P06-HOME-SALES | START main()
2026-10-01 18:58:29 | INFO | P06-HOME-SALES | ===================================
2026-10-01 18:58:29 | INFO | P06-HOME-SALES | -------------------------------
2026-10-01 18:58:29 | INFO | P06-HOME-SALES | 01. OBSERVE the data.
2026-10-01 18:58:29 | INFO | P06-HOME-SALES | -------------------------------
2026-10-01 18:58:29 | INFO | P06-HOME-SALES | data file = data\home_sales.csv
2026-10-01 18:58:29 | INFO | P06-HOME-SALES | Data loaded successfully.
2026-10-01 18:58:29 | INFO | P06-HOME-SALES | Grain: one home sale
2026-10-01 18:58:29 | INFO | P06-HOME-SALES | Rows: 250
2026-10-01 18:58:29 | INFO | P06-HOME-SALES | Columns: 8
2026-10-01 18:58:29 | INFO | P06-HOME-SALES | Column names: ['neighborhood', 'property_type', 'price', 'sqft', 'bedrooms', 'bathrooms', 'year_built', 'satisfaction']
2026-10-01 18:58:29 | INFO | P06-HOME-SALES | -------------------------------
2026-10-01 18:58:29 | INFO | P06-HOME-SALES | 02. DECLARE the target and feature.
2026-10-01 18:58:29 | INFO | P06-HOME-SALES | -------------------------------
2026-10-01 18:58:29 | INFO | P06-HOME-SALES | Target:  price
2026-10-01 18:58:29 | INFO | P06-HOME-SALES | Feature: sqft
2026-10-01 18:58:29 | INFO | P06-HOME-SALES | 
I want to predict home sale price.

I selected square footage as the feature.

Square footage provides a measurement of the size
of the home. Larger homes may have higher sale prices
because they provide more living space.

Square footage might therefore contain useful information
for predicting home prices.

I do not know yet how well square footage will predict
home prices. The modeling process will provide evidence.

2026-10-01 18:58:29 | INFO | P06-HOME-SALES | -------------------------------
2026-10-01 18:58:29 | INFO | P06-HOME-SALES | 03. PREPARE the modeling data.
2026-10-01 18:58:29 | INFO | P06-HOME-SALES | -------------------------------
2026-10-01 18:58:29 | INFO | P06-HOME-SALES | Original rows: 250
2026-10-01 18:58:29 | INFO | P06-HOME-SALES | Modeling rows: 250
2026-10-01 18:58:29 | INFO | P06-HOME-SALES | Rows dropped: 0
2026-10-01 18:58:29 | INFO | P06-HOME-SALES | X shape: (250, 1)
2026-10-01 18:58:29 | INFO | P06-HOME-SALES | y shape: (250,)
2026-10-01 18:58:29 | INFO | P06-HOME-SALES | -------------------------------
2026-10-01 18:58:29 | INFO | P06-HOME-SALES | 04. SPLIT into training and test data.
2026-10-01 18:58:29 | INFO | P06-HOME-SALES | -------------------------------
2026-10-01 18:58:29 | INFO | P06-HOME-SALES | 
I will use 80% of the modeling rows for training
and hold back 20% for testing.

I want most of the available data to be available
for learning the model while keeping a separate
set of observations that the model did not see
during training.

The test rows will be used to evaluate how the
trained model performs on unseen observations.

I will use a random seed of 42 so the split is
reproducible.

2026-10-01 18:58:29 | INFO | P06-HOME-SALES | Training rows: 200
2026-10-01 18:58:29 | INFO | P06-HOME-SALES | Test rows: 50
2026-10-01 18:58:29 | INFO | P06-HOME-SALES | -------------------------------
2026-10-01 18:58:29 | INFO | P06-HOME-SALES | 05. BASELINE with a simple reference model.
2026-10-01 18:58:29 | INFO | P06-HOME-SALES | -------------------------------
2026-10-01 18:58:29 | INFO | P06-HOME-SALES | 
Before evaluating the LinearRegression model,
I need a simple baseline for comparison.

The baseline will ignore square footage and predict
the average home price from the training data for
every test observation.

A useful predictive model should improve on this
simple reference prediction.

2026-10-01 18:58:29 | INFO | P06-HOME-SALES | Baseline strategy: mean
2026-10-01 18:58:29 | INFO | P06-HOME-SALES | Baseline RMSE: 209277.19
2026-10-01 18:58:29 | INFO | P06-HOME-SALES | Baseline R-squared: -0.021
2026-10-01 18:58:29 | INFO | P06-HOME-SALES | -------------------------------
2026-10-01 18:58:29 | INFO | P06-HOME-SALES | 06. TRAIN a LinearRegression model.
2026-10-01 18:58:29 | INFO | P06-HOME-SALES | -------------------------------
2026-10-01 18:58:29 | INFO | P06-HOME-SALES | 
I will use LinearRegression.

Linear regression fits a straight-line relationship
between square footage and home price.

This provides a simple and interpretable model
that can be compared with the baseline.

Fitting a line does not prove that a straight-line
relationship is a good description of home prices.

The evaluation metrics and residual plot will help
assess whether the model is useful.

2026-10-01 18:58:29 | INFO | P06-HOME-SALES | The model learned this line:
2026-10-01 18:58:29 | INFO | P06-HOME-SALES | price = 206.08 * sqft + 172519
2026-10-01 18:58:29 | INFO | P06-HOME-SALES | -------------------------------
2026-10-01 18:58:29 | INFO | P06-HOME-SALES | 07. PREDICT on X_test.
2026-10-01 18:58:29 | INFO | P06-HOME-SALES | -------------------------------
2026-10-01 18:58:29 | INFO | P06-HOME-SALES | Predictions created: 50
2026-10-01 18:58:29 | INFO | P06-HOME-SALES | -------------------------------
2026-10-01 18:58:29 | INFO | P06-HOME-SALES | 08. EVALUATE baseline vs model on y_test.
2026-10-01 18:58:29 | INFO | P06-HOME-SALES | -------------------------------
2026-10-01 18:58:29 | INFO | P06-HOME-SALES | BASELINE RESULTS
2026-10-01 18:58:29 | INFO | P06-HOME-SALES | RMSE:      209277.19
2026-10-01 18:58:29 | INFO | P06-HOME-SALES | R-squared: -0.021
2026-10-01 18:58:29 | INFO | P06-HOME-SALES | LINEAR REGRESSION RESULTS
2026-10-01 18:58:29 | INFO | P06-HOME-SALES | RMSE:      169594.90
2026-10-01 18:58:29 | INFO | P06-HOME-SALES | R-squared: 0.329
2026-10-01 18:58:29 | INFO | P06-HOME-SALES | -------------------------------
2026-10-01 18:58:29 | INFO | P06-HOME-SALES | 09. VISUALIZE predictions and residuals.
2026-10-01 18:58:29 | INFO | P06-HOME-SALES | -------------------------------
2026-10-01 18:58:29 | INFO | P06-HOME-SALES | Chart saved successfully at docs\images\home-sales-regression-predictions.png.
2026-10-01 18:58:29 | INFO | P06-HOME-SALES | Chart saved successfully at docs\images\home-sales-regression-residuals.png.
2026-10-01 18:58:29 | INFO | P06-HOME-SALES | -------------------------------
2026-10-01 18:58:29 | INFO | P06-HOME-SALES | 10. ASSESS the results.
2026-10-01 18:58:29 | INFO | P06-HOME-SALES | -------------------------------
2026-10-01 18:58:29 | INFO | P06-HOME-SALES | CUSTOM OBSERVATIONS:

I used square footage to predict home prices.

The baseline RMSE was ...

The LinearRegression RMSE was ...

Compared with the baseline,
the LinearRegression model ...

The model R-squared was ...

In the residual plot, I observed ...

Based on this evidence,
I conclude ...

Next, I would like to try using another
feature such as bedrooms or bathrooms.

2026-10-01 18:58:29 | INFO | P06-HOME-SALES | ===================================
2026-10-01 18:58:29 | INFO | P06-HOME-SALES | END main() - Executed successfully!
2026-10-01 18:58:29 | INFO | P06-HOME-SALES | ===================================
2026-10-01 19:02:30 | INFO | P06-HOME-SALES | === RUN START ===
2026-10-01 19:02:30 | INFO | P06-HOME-SALES | project=P06 - LINEAR REGRESSION - HOME SALES
2026-10-01 19:02:30 | INFO | P06-HOME-SALES | repo_dir=datafun-06-ml
2026-10-01 19:02:30 | INFO | P06-HOME-SALES | python=3.14.7
2026-10-01 19:02:30 | INFO | P06-HOME-SALES | os=Windows 11
2026-10-01 19:02:30 | INFO | P06-HOME-SALES | shell=powershell
2026-10-01 19:02:30 | INFO | P06-HOME-SALES | cwd=.
2026-10-01 19:02:30 | INFO | P06-HOME-SALES | github_actions=False
2026-10-01 19:02:30 | INFO | P06-HOME-SALES | ===================================
2026-10-01 19:02:30 | INFO | P06-HOME-SALES | START main()
2026-10-01 19:02:30 | INFO | P06-HOME-SALES | ===================================
2026-10-01 19:02:30 | INFO | P06-HOME-SALES | -------------------------------
2026-10-01 19:02:30 | INFO | P06-HOME-SALES | 01. OBSERVE the data.
2026-10-01 19:02:30 | INFO | P06-HOME-SALES | -------------------------------
2026-10-01 19:02:30 | INFO | P06-HOME-SALES | data file = data\home_sales.csv
2026-10-01 19:02:30 | INFO | P06-HOME-SALES | Data loaded successfully.
2026-10-01 19:02:30 | INFO | P06-HOME-SALES | Grain: one home sale
2026-10-01 19:02:30 | INFO | P06-HOME-SALES | Rows: 250
2026-10-01 19:02:30 | INFO | P06-HOME-SALES | Columns: 8
2026-10-01 19:02:30 | INFO | P06-HOME-SALES | Column names: ['neighborhood', 'property_type', 'price', 'sqft', 'bedrooms', 'bathrooms', 'year_built', 'satisfaction']
2026-10-01 19:02:30 | INFO | P06-HOME-SALES | -------------------------------
2026-10-01 19:02:30 | INFO | P06-HOME-SALES | 02. DECLARE the target and feature.
2026-10-01 19:02:30 | INFO | P06-HOME-SALES | -------------------------------
2026-10-01 19:02:30 | INFO | P06-HOME-SALES | Target:  price
2026-10-01 19:02:30 | INFO | P06-HOME-SALES | Feature: sqft
2026-10-01 19:02:30 | INFO | P06-HOME-SALES | 
I want to predict home sale price.

I selected square footage as the feature.

Square footage provides a measurement of the size
of the home. Larger homes may have higher sale prices
because they provide more living space.

Square footage might therefore contain useful information
for predicting home prices.

I do not know yet how well square footage will predict
home prices. The modeling process will provide evidence.

2026-10-01 19:02:30 | INFO | P06-HOME-SALES | -------------------------------
2026-10-01 19:02:30 | INFO | P06-HOME-SALES | 03. PREPARE the modeling data.
2026-10-01 19:02:30 | INFO | P06-HOME-SALES | -------------------------------
2026-10-01 19:02:30 | INFO | P06-HOME-SALES | Original rows: 250
2026-10-01 19:02:30 | INFO | P06-HOME-SALES | Modeling rows: 250
2026-10-01 19:02:30 | INFO | P06-HOME-SALES | Rows dropped: 0
2026-10-01 19:02:30 | INFO | P06-HOME-SALES | X shape: (250, 1)
2026-10-01 19:02:30 | INFO | P06-HOME-SALES | y shape: (250,)
2026-10-01 19:02:30 | INFO | P06-HOME-SALES | -------------------------------
2026-10-01 19:02:30 | INFO | P06-HOME-SALES | 04. SPLIT into training and test data.
2026-10-01 19:02:30 | INFO | P06-HOME-SALES | -------------------------------
2026-10-01 19:02:30 | INFO | P06-HOME-SALES | 
I will use 80% of the modeling rows for training
and hold back 20% for testing.

I want most of the available data to be available
for learning the model while keeping a separate
set of observations that the model did not see
during training.

The test rows will be used to evaluate how the
trained model performs on unseen observations.

I will use a random seed of 42 so the split is
reproducible.

2026-10-01 19:02:30 | INFO | P06-HOME-SALES | Training rows: 200
2026-10-01 19:02:30 | INFO | P06-HOME-SALES | Test rows: 50
2026-10-01 19:02:30 | INFO | P06-HOME-SALES | -------------------------------
2026-10-01 19:02:30 | INFO | P06-HOME-SALES | 05. BASELINE with a simple reference model.
2026-10-01 19:02:30 | INFO | P06-HOME-SALES | -------------------------------
2026-10-01 19:02:30 | INFO | P06-HOME-SALES | 
Before evaluating the LinearRegression model,
I need a simple baseline for comparison.

The baseline will ignore square footage and predict
the average home price from the training data for
every test observation.

A useful predictive model should improve on this
simple reference prediction.

2026-10-01 19:02:30 | INFO | P06-HOME-SALES | Baseline strategy: mean
2026-10-01 19:02:30 | INFO | P06-HOME-SALES | Baseline RMSE: 209277.19
2026-10-01 19:02:30 | INFO | P06-HOME-SALES | Baseline R-squared: -0.021
2026-10-01 19:02:30 | INFO | P06-HOME-SALES | -------------------------------
2026-10-01 19:02:30 | INFO | P06-HOME-SALES | 06. TRAIN a LinearRegression model.
2026-10-01 19:02:30 | INFO | P06-HOME-SALES | -------------------------------
2026-10-01 19:02:30 | INFO | P06-HOME-SALES | 
I will use LinearRegression.

Linear regression fits a straight-line relationship
between square footage and home price.

This provides a simple and interpretable model
that can be compared with the baseline.

Fitting a line does not prove that a straight-line
relationship is a good description of home prices.

The evaluation metrics and residual plot will help
assess whether the model is useful.

2026-10-01 19:02:30 | INFO | P06-HOME-SALES | The model learned this line:
2026-10-01 19:02:30 | INFO | P06-HOME-SALES | price = 206.08 * sqft + 172519
2026-10-01 19:02:30 | INFO | P06-HOME-SALES | -------------------------------
2026-10-01 19:02:30 | INFO | P06-HOME-SALES | 07. PREDICT on X_test.
2026-10-01 19:02:30 | INFO | P06-HOME-SALES | -------------------------------
2026-10-01 19:02:30 | INFO | P06-HOME-SALES | Predictions created: 50
2026-10-01 19:02:30 | INFO | P06-HOME-SALES | -------------------------------
2026-10-01 19:02:30 | INFO | P06-HOME-SALES | 08. EVALUATE baseline vs model on y_test.
2026-10-01 19:02:30 | INFO | P06-HOME-SALES | -------------------------------
2026-10-01 19:02:30 | INFO | P06-HOME-SALES | BASELINE RESULTS
2026-10-01 19:02:30 | INFO | P06-HOME-SALES | RMSE:      209277.19
2026-10-01 19:02:30 | INFO | P06-HOME-SALES | R-squared: -0.021
2026-10-01 19:02:30 | INFO | P06-HOME-SALES | LINEAR REGRESSION RESULTS
2026-10-01 19:02:30 | INFO | P06-HOME-SALES | RMSE:      169594.90
2026-10-01 19:02:30 | INFO | P06-HOME-SALES | R-squared: 0.329
2026-10-01 19:02:30 | INFO | P06-HOME-SALES | -------------------------------
2026-10-01 19:02:30 | INFO | P06-HOME-SALES | 09. VISUALIZE predictions and residuals.
2026-10-01 19:02:30 | INFO | P06-HOME-SALES | -------------------------------
2026-10-01 19:02:31 | INFO | P06-HOME-SALES | Chart saved successfully at docs\images\home-sales-regression-predictions.png.
2026-10-01 19:02:31 | INFO | P06-HOME-SALES | Chart saved successfully at docs\images\home-sales-regression-residuals.png.
2026-10-01 19:02:31 | INFO | P06-HOME-SALES | -------------------------------
2026-10-01 19:02:31 | INFO | P06-HOME-SALES | 10. ASSESS the results.
2026-10-01 19:02:31 | INFO | P06-HOME-SALES | -------------------------------
2026-10-01 19:02:31 | INFO | P06-HOME-SALES | CUSTOM OBSERVATIONS:

I used square footage to predict home prices.

The baseline RMSE was ...

The LinearRegression RMSE was ...

Compared with the baseline,
the LinearRegression model ...

The model R-squared was ...

In the residual plot, I observed ...

Based on this evidence,
I conclude ...

Next, I would like to try using another
feature such as bedrooms or bathrooms.

2026-10-01 19:02:31 | INFO | P06-HOME-SALES | ===================================
2026-10-01 19:02:31 | INFO | P06-HOME-SALES | END main() - Executed successfully!
2026-10-01 19:02:31 | INFO | P06-HOME-SALES | ===================================
2026-10-01 20:36:08 | INFO | P06 | === RUN START ===
2026-10-01 20:36:08 | INFO | P06 | project=P06 - LINEAR REGRESSION
2026-10-01 20:36:08 | INFO | P06 | repo_dir=datafun-06-ml
2026-10-01 20:36:08 | INFO | P06 | python=3.14.7
2026-10-01 20:36:08 | INFO | P06 | os=Windows 11
2026-10-01 20:36:08 | INFO | P06 | shell=powershell
2026-10-01 20:36:08 | INFO | P06 | cwd=.
2026-10-01 20:36:08 | INFO | P06 | github_actions=False
2026-10-01 20:36:08 | INFO | P06 | ===================================
2026-10-01 20:36:08 | INFO | P06 | START main()
2026-10-01 20:36:08 | INFO | P06 | ===================================
2026-10-01 20:36:08 | INFO | P06 | -------------------------------
2026-10-01 20:36:08 | INFO | P06 | 01. OBSERVE the data and prior findings.
2026-10-01 20:36:08 | INFO | P06 | -------------------------------
2026-10-01 20:36:08 | INFO | P06 | data file = data\raw\penguins.csv
2026-10-01 20:36:08 | INFO | P06 | Data loaded successfully.
2026-10-01 20:36:08 | INFO | P06 | Grain: one penguin
2026-10-01 20:36:08 | INFO | P06 | Rows: 344
2026-10-01 20:36:08 | INFO | P06 | Columns: 8
2026-10-01 20:36:08 | INFO | P06 | Column names: ['species', 'island', 'bill_length_mm', 'bill_depth_mm', 'flipper_length_mm', 'body_mass_g', 'sex', 'year']
2026-10-01 20:36:08 | INFO | P06 | -------------------------------
2026-10-01 20:36:08 | INFO | P06 | 02. DECLARE the target and feature.
2026-10-01 20:36:08 | INFO | P06 | -------------------------------
2026-10-01 20:36:08 | INFO | P06 | Target:  body_mass_g
2026-10-01 20:36:08 | INFO | P06 | Feature: bill_length_mm
2026-10-01 20:36:08 | INFO | P06 | 
I want to predict body mass.

I selected bill length as the feature.

A bigger penguin may have both a longer bill and more mass,
so bill length might contain useful information
for predicting body mass.

I do not know yet how well bill length will predict body mass.
The modeling process will provide evidence.

2026-10-01 20:36:08 | INFO | P06 | -------------------------------
2026-10-01 20:36:08 | INFO | P06 | 03. PREPARE the modeling data.
2026-10-01 20:36:08 | INFO | P06 | -------------------------------
2026-10-01 20:36:08 | INFO | P06 | Original rows: 344
2026-10-01 20:36:08 | INFO | P06 | Modeling rows: 342
2026-10-01 20:36:08 | INFO | P06 | Rows dropped: 2
2026-10-01 20:36:08 | INFO | P06 | X shape: (342, 1)
2026-10-01 20:36:08 | INFO | P06 | y shape: (342,)
2026-10-01 20:36:08 | INFO | P06 | -------------------------------
2026-10-01 20:36:08 | INFO | P06 | 04. SPLIT into training and test data.
2026-10-01 20:36:08 | INFO | P06 | -------------------------------
2026-10-01 20:36:08 | INFO | P06 | 
I will use 80% of the modeling rows for training
and hold back 20% for testing.

I want most of the available data to be available
for learning the model,
while still keeping a separate set of observations
that the model did not see during training.

The test rows will be used later
to evaluate how the trained model performs
on unseen observations.

I will use a random seed of 42.

The specific value 42 is not analytically important.
I use a fixed seed so the random split is reproducible.
Running the project again will produce the same
training and test observations,
which makes results easier to reproduce and compare.

2026-10-01 20:36:08 | INFO | P06 | Training rows: 273
2026-10-01 20:36:08 | INFO | P06 | Test rows: 69
2026-10-01 20:36:08 | INFO | P06 | -------------------------------
2026-10-01 20:36:08 | INFO | P06 | 05. BASELINE with a simple reference model.
2026-10-01 20:36:08 | INFO | P06 | -------------------------------
2026-10-01 20:36:08 | INFO | P06 | 
Before evaluating the LinearRegression model,
I need a simple baseline for comparison.

The baseline will ignore bill length
and predict the average body mass
from the training data for every test observation.

A useful predictive model should improve
on this simple reference prediction.

2026-10-01 20:36:08 | INFO | P06 | Baseline strategy: mean
2026-10-01 20:36:08 | INFO | P06 | Baseline RMSE: 751.68
2026-10-01 20:36:08 | INFO | P06 | Baseline R-squared: -0.002
2026-10-01 20:36:08 | INFO | P06 | -------------------------------
2026-10-01 20:36:08 | INFO | P06 | 06. TRAIN a LinearRegression model.
2026-10-01 20:36:08 | INFO | P06 | -------------------------------
2026-10-01 20:36:08 | INFO | P06 | 
I will use LinearRegression.

Linear regression fits a straight-line relationship
between the selected feature and target.

This gives a simple and interpretable model
that can be compared with the baseline.

Fitting a line does not prove that a straight line
is a good description of the relationship.

The evaluation metrics and residual plot
will help assess whether the model is useful.

2026-10-01 20:36:08 | INFO | P06 | The model learned this line:
2026-10-01 20:36:08 | INFO | P06 | body_mass_g = 85.343 * bill_length_mm + 454.089
2026-10-01 20:36:08 | INFO | P06 | -------------------------------
2026-10-01 20:36:08 | INFO | P06 | 07. PREDICT on X_test.
2026-10-01 20:36:08 | INFO | P06 | -------------------------------
2026-10-01 20:36:08 | INFO | P06 | Predictions created: 69
2026-10-01 20:36:08 | INFO | P06 | -------------------------------
2026-10-01 20:36:08 | INFO | P06 | 08. EVALUATE baseline vs model on y_test.
2026-10-01 20:36:08 | INFO | P06 | -------------------------------
2026-10-01 20:36:08 | INFO | P06 | BASELINE RESULTS
2026-10-01 20:36:08 | INFO | P06 | RMSE:      751.68
2026-10-01 20:36:08 | INFO | P06 | R-squared: -0.002
2026-10-01 20:36:08 | INFO | P06 | LINEAR REGRESSION RESULTS
2026-10-01 20:36:08 | INFO | P06 | RMSE:      565.76
2026-10-01 20:36:08 | INFO | P06 | R-squared: 0.433
2026-10-01 20:36:08 | INFO | P06 | -------------------------------
2026-10-01 20:36:08 | INFO | P06 | 09. VISUALIZE predictions and residuals.
2026-10-01 20:36:08 | INFO | P06 | -------------------------------
2026-10-01 20:36:08 | INFO | P06 | Chart saved successfully at docs\images\regression-predictions.png.
2026-10-01 20:36:08 | INFO | P06 | Chart saved successfully at docs\images\regression-residuals.png.
2026-10-01 20:36:08 | INFO | P06 | -------------------------------
2026-10-01 20:36:08 | INFO | P06 | 10. ASSESS the results.
2026-10-01 20:36:08 | INFO | P06 | -------------------------------
2026-10-01 20:36:08 | INFO | P06 | CUSTOM OBSERVATIONS:
    I used bill length to predict body mass.

    The baseline RMSE was ...
    The LinearRegression RMSE was ...

    Compared with the baseline,
    the LinearRegression model ...

    The model R-squared was ...

    In the residual plot, I observed ...

    Based on this evidence,
    I conclude ...

    Next, I would like to try ...
    
2026-10-01 20:36:08 | INFO | P06 | In a script, call plt.show() at the end to display all charts.
2026-10-01 20:36:08 | INFO | P06 | Close all chart windows (with the close button) to continue.
2026-10-01 20:36:12 | INFO | P06 | ===================================
2026-10-01 20:36:12 | INFO | P06 | END main() - Executed successfully!
2026-10-01 20:36:12 | INFO | P06 | ===================================
2026-10-01 20:37:52 | INFO | P06 | === RUN START ===
2026-10-01 20:37:52 | INFO | P06 | project=P06 - LINEAR REGRESSION
2026-10-01 20:37:52 | INFO | P06 | repo_dir=datafun-06-ml
2026-10-01 20:37:52 | INFO | P06 | python=3.14.7
2026-10-01 20:37:52 | INFO | P06 | os=Windows 11
2026-10-01 20:37:52 | INFO | P06 | shell=powershell
2026-10-01 20:37:52 | INFO | P06 | cwd=.
2026-10-01 20:37:52 | INFO | P06 | github_actions=False
2026-10-01 20:37:52 | INFO | P06 | ===================================
2026-10-01 20:37:52 | INFO | P06 | START main()
2026-10-01 20:37:52 | INFO | P06 | ===================================
2026-10-01 20:37:52 | INFO | P06 | -------------------------------
2026-10-01 20:37:52 | INFO | P06 | 01. OBSERVE the data and prior findings.
2026-10-01 20:37:52 | INFO | P06 | -------------------------------
2026-10-01 20:37:52 | INFO | P06 | data file = data\raw\penguins.csv
2026-10-01 20:37:52 | INFO | P06 | Data loaded successfully.
2026-10-01 20:37:52 | INFO | P06 | Grain: one penguin
2026-10-01 20:37:52 | INFO | P06 | Rows: 344
2026-10-01 20:37:52 | INFO | P06 | Columns: 8
2026-10-01 20:37:52 | INFO | P06 | Column names: ['species', 'island', 'bill_length_mm', 'bill_depth_mm', 'flipper_length_mm', 'body_mass_g', 'sex', 'year']
2026-10-01 20:37:52 | INFO | P06 | -------------------------------
2026-10-01 20:37:52 | INFO | P06 | 02. DECLARE the target and feature.
2026-10-01 20:37:52 | INFO | P06 | -------------------------------
2026-10-01 20:37:52 | INFO | P06 | Target:  body_mass_g
2026-10-01 20:37:52 | INFO | P06 | Feature: bill_length_mm
2026-10-01 20:37:52 | INFO | P06 | 
I want to predict body mass.

I selected bill length as the feature.

A bigger penguin may have both a longer bill and more mass,
so bill length might contain useful information
for predicting body mass.

I do not know yet how well bill length will predict body mass.
The modeling process will provide evidence.

2026-10-01 20:37:52 | INFO | P06 | -------------------------------
2026-10-01 20:37:52 | INFO | P06 | 03. PREPARE the modeling data.
2026-10-01 20:37:52 | INFO | P06 | -------------------------------
2026-10-01 20:37:52 | INFO | P06 | Original rows: 344
2026-10-01 20:37:52 | INFO | P06 | Modeling rows: 342
2026-10-01 20:37:52 | INFO | P06 | Rows dropped: 2
2026-10-01 20:37:52 | INFO | P06 | X shape: (342, 1)
2026-10-01 20:37:52 | INFO | P06 | y shape: (342,)
2026-10-01 20:37:52 | INFO | P06 | -------------------------------
2026-10-01 20:37:52 | INFO | P06 | 04. SPLIT into training and test data.
2026-10-01 20:37:52 | INFO | P06 | -------------------------------
2026-10-01 20:37:52 | INFO | P06 | 
I will use 80% of the modeling rows for training
and hold back 20% for testing.

I want most of the available data to be available
for learning the model,
while still keeping a separate set of observations
that the model did not see during training.

The test rows will be used later
to evaluate how the trained model performs
on unseen observations.

I will use a random seed of 42.

The specific value 42 is not analytically important.
I use a fixed seed so the random split is reproducible.
Running the project again will produce the same
training and test observations,
which makes results easier to reproduce and compare.

2026-10-01 20:37:52 | INFO | P06 | Training rows: 273
2026-10-01 20:37:52 | INFO | P06 | Test rows: 69
2026-10-01 20:37:52 | INFO | P06 | -------------------------------
2026-10-01 20:37:52 | INFO | P06 | 05. BASELINE with a simple reference model.
2026-10-01 20:37:52 | INFO | P06 | -------------------------------
2026-10-01 20:37:52 | INFO | P06 | 
Before evaluating the LinearRegression model,
I need a simple baseline for comparison.

The baseline will ignore bill length
and predict the average body mass
from the training data for every test observation.

A useful predictive model should improve
on this simple reference prediction.

2026-10-01 20:37:52 | INFO | P06 | Baseline strategy: mean
2026-10-01 20:37:52 | INFO | P06 | Baseline RMSE: 751.68
2026-10-01 20:37:52 | INFO | P06 | Baseline R-squared: -0.002
2026-10-01 20:37:52 | INFO | P06 | -------------------------------
2026-10-01 20:37:52 | INFO | P06 | 06. TRAIN a LinearRegression model.
2026-10-01 20:37:52 | INFO | P06 | -------------------------------
2026-10-01 20:37:52 | INFO | P06 | 
I will use LinearRegression.

Linear regression fits a straight-line relationship
between the selected feature and target.

This gives a simple and interpretable model
that can be compared with the baseline.

Fitting a line does not prove that a straight line
is a good description of the relationship.

The evaluation metrics and residual plot
will help assess whether the model is useful.

2026-10-01 20:37:52 | INFO | P06 | The model learned this line:
2026-10-01 20:37:52 | INFO | P06 | body_mass_g = 85.343 * bill_length_mm + 454.089
2026-10-01 20:37:52 | INFO | P06 | -------------------------------
2026-10-01 20:37:52 | INFO | P06 | 07. PREDICT on X_test.
2026-10-01 20:37:52 | INFO | P06 | -------------------------------
2026-10-01 20:37:52 | INFO | P06 | Predictions created: 69
2026-10-01 20:37:52 | INFO | P06 | -------------------------------
2026-10-01 20:37:52 | INFO | P06 | 08. EVALUATE baseline vs model on y_test.
2026-10-01 20:37:52 | INFO | P06 | -------------------------------
2026-10-01 20:37:52 | INFO | P06 | BASELINE RESULTS
2026-10-01 20:37:52 | INFO | P06 | RMSE:      751.68
2026-10-01 20:37:52 | INFO | P06 | R-squared: -0.002
2026-10-01 20:37:52 | INFO | P06 | LINEAR REGRESSION RESULTS
2026-10-01 20:37:52 | INFO | P06 | RMSE:      565.76
2026-10-01 20:37:52 | INFO | P06 | R-squared: 0.433
2026-10-01 20:37:52 | INFO | P06 | -------------------------------
2026-10-01 20:37:52 | INFO | P06 | 09. VISUALIZE predictions and residuals.
2026-10-01 20:37:52 | INFO | P06 | -------------------------------
2026-10-01 20:37:52 | INFO | P06 | Chart saved successfully at docs\images\regression-predictions.png.
2026-10-01 20:37:52 | INFO | P06 | Chart saved successfully at docs\images\regression-residuals.png.
2026-10-01 20:37:52 | INFO | P06 | -------------------------------
2026-10-01 20:37:52 | INFO | P06 | 10. ASSESS the results.
2026-10-01 20:37:52 | INFO | P06 | -------------------------------
2026-10-01 20:37:52 | INFO | P06 | CUSTOM OBSERVATIONS:
    I used bill length to predict body mass.

    The baseline RMSE was ...
    The LinearRegression RMSE was ...

    Compared with the baseline,
    the LinearRegression model ...

    The model R-squared was ...

    In the residual plot, I observed ...

    Based on this evidence,
    I conclude ...

    Next, I would like to try ...
    
2026-10-01 20:37:52 | INFO | P06 | In a script, call plt.show() at the end to display all charts.
2026-10-01 20:37:52 | INFO | P06 | Close all chart windows (with the close button) to continue.
2026-10-01 20:37:56 | INFO | P06 | ===================================
2026-10-01 20:37:56 | INFO | P06 | END main() - Executed successfully!
2026-10-01 20:37:56 | INFO | P06 | ===================================
2026-10-01 20:38:15 | INFO | P06-HOME-SALES | === RUN START ===
2026-10-01 20:38:15 | INFO | P06-HOME-SALES | project=P06 - LINEAR REGRESSION - HOME SALES
2026-10-01 20:38:15 | INFO | P06-HOME-SALES | repo_dir=datafun-06-ml
2026-10-01 20:38:15 | INFO | P06-HOME-SALES | python=3.14.7
2026-10-01 20:38:15 | INFO | P06-HOME-SALES | os=Windows 11
2026-10-01 20:38:15 | INFO | P06-HOME-SALES | shell=powershell
2026-10-01 20:38:15 | INFO | P06-HOME-SALES | cwd=.
2026-10-01 20:38:15 | INFO | P06-HOME-SALES | github_actions=False
2026-10-01 20:38:15 | INFO | P06-HOME-SALES | ===================================
2026-10-01 20:38:15 | INFO | P06-HOME-SALES | START main()
2026-10-01 20:38:15 | INFO | P06-HOME-SALES | ===================================
2026-10-01 20:38:15 | INFO | P06-HOME-SALES | -------------------------------
2026-10-01 20:38:15 | INFO | P06-HOME-SALES | 01. OBSERVE the data.
2026-10-01 20:38:15 | INFO | P06-HOME-SALES | -------------------------------
2026-10-01 20:38:15 | INFO | P06-HOME-SALES | data file = data\home_sales.csv
2026-10-01 20:38:15 | INFO | P06-HOME-SALES | Data loaded successfully.
2026-10-01 20:38:15 | INFO | P06-HOME-SALES | Grain: one home sale
2026-10-01 20:38:15 | INFO | P06-HOME-SALES | Rows: 250
2026-10-01 20:38:15 | INFO | P06-HOME-SALES | Columns: 8
2026-10-01 20:38:15 | INFO | P06-HOME-SALES | Column names: ['neighborhood', 'property_type', 'price', 'sqft', 'bedrooms', 'bathrooms', 'year_built', 'satisfaction']
2026-10-01 20:38:15 | INFO | P06-HOME-SALES | -------------------------------
2026-10-01 20:38:15 | INFO | P06-HOME-SALES | 02. DECLARE the target and feature.
2026-10-01 20:38:15 | INFO | P06-HOME-SALES | -------------------------------
2026-10-01 20:38:15 | INFO | P06-HOME-SALES | Target:  price
2026-10-01 20:38:15 | INFO | P06-HOME-SALES | Feature: sqft
2026-10-01 20:38:15 | INFO | P06-HOME-SALES | 
I want to predict home sale price.

I selected square footage as the feature.

Square footage provides a measurement of the size
of the home. Larger homes may have higher sale prices
because they provide more living space.

Square footage might therefore contain useful information
for predicting home prices.

I do not know yet how well square footage will predict
home prices. The modeling process will provide evidence.

2026-10-01 20:38:15 | INFO | P06-HOME-SALES | -------------------------------
2026-10-01 20:38:15 | INFO | P06-HOME-SALES | 03. PREPARE the modeling data.
2026-10-01 20:38:15 | INFO | P06-HOME-SALES | -------------------------------
2026-10-01 20:38:15 | INFO | P06-HOME-SALES | Original rows: 250
2026-10-01 20:38:15 | INFO | P06-HOME-SALES | Modeling rows: 250
2026-10-01 20:38:15 | INFO | P06-HOME-SALES | Rows dropped: 0
2026-10-01 20:38:15 | INFO | P06-HOME-SALES | X shape: (250, 1)
2026-10-01 20:38:15 | INFO | P06-HOME-SALES | y shape: (250,)
2026-10-01 20:38:15 | INFO | P06-HOME-SALES | -------------------------------
2026-10-01 20:38:15 | INFO | P06-HOME-SALES | 04. SPLIT into training and test data.
2026-10-01 20:38:15 | INFO | P06-HOME-SALES | -------------------------------
2026-10-01 20:38:15 | INFO | P06-HOME-SALES | 
I will use 80% of the modeling rows for training
and hold back 20% for testing.

I want most of the available data to be available
for learning the model while keeping a separate
set of observations that the model did not see
during training.

The test rows will be used to evaluate how the
trained model performs on unseen observations.

I will use a random seed of 42 so the split is
reproducible.

2026-10-01 20:38:15 | INFO | P06-HOME-SALES | Training rows: 200
2026-10-01 20:38:15 | INFO | P06-HOME-SALES | Test rows: 50
2026-10-01 20:38:15 | INFO | P06-HOME-SALES | -------------------------------
2026-10-01 20:38:15 | INFO | P06-HOME-SALES | 05. BASELINE with a simple reference model.
2026-10-01 20:38:15 | INFO | P06-HOME-SALES | -------------------------------
2026-10-01 20:38:15 | INFO | P06-HOME-SALES | 
Before evaluating the LinearRegression model,
I need a simple baseline for comparison.

The baseline will ignore square footage and predict
the average home price from the training data for
every test observation.

A useful predictive model should improve on this
simple reference prediction.

2026-10-01 20:38:15 | INFO | P06-HOME-SALES | Baseline strategy: mean
2026-10-01 20:38:15 | INFO | P06-HOME-SALES | Baseline RMSE: 209277.19
2026-10-01 20:38:15 | INFO | P06-HOME-SALES | Baseline R-squared: -0.021
2026-10-01 20:38:15 | INFO | P06-HOME-SALES | -------------------------------
2026-10-01 20:38:15 | INFO | P06-HOME-SALES | 06. TRAIN a LinearRegression model.
2026-10-01 20:38:15 | INFO | P06-HOME-SALES | -------------------------------
2026-10-01 20:38:15 | INFO | P06-HOME-SALES | 
I will use LinearRegression.

Linear regression fits a straight-line relationship
between square footage and home price.

This provides a simple and interpretable model
that can be compared with the baseline.

Fitting a line does not prove that a straight-line
relationship is a good description of home prices.

The evaluation metrics and residual plot will help
assess whether the model is useful.

2026-10-01 20:38:15 | INFO | P06-HOME-SALES | The model learned this line:
2026-10-01 20:38:15 | INFO | P06-HOME-SALES | price = 206.08 * sqft + 172519
2026-10-01 20:38:15 | INFO | P06-HOME-SALES | -------------------------------
2026-10-01 20:38:15 | INFO | P06-HOME-SALES | 07. PREDICT on X_test.
2026-10-01 20:38:15 | INFO | P06-HOME-SALES | -------------------------------
2026-10-01 20:38:15 | INFO | P06-HOME-SALES | Predictions created: 50
2026-10-01 20:38:15 | INFO | P06-HOME-SALES | -------------------------------
2026-10-01 20:38:15 | INFO | P06-HOME-SALES | 08. EVALUATE baseline vs model on y_test.
2026-10-01 20:38:15 | INFO | P06-HOME-SALES | -------------------------------
2026-10-01 20:38:15 | INFO | P06-HOME-SALES | BASELINE RESULTS
2026-10-01 20:38:15 | INFO | P06-HOME-SALES | RMSE:      209277.19
2026-10-01 20:38:15 | INFO | P06-HOME-SALES | R-squared: -0.021
2026-10-01 20:38:15 | INFO | P06-HOME-SALES | LINEAR REGRESSION RESULTS
2026-10-01 20:38:15 | INFO | P06-HOME-SALES | RMSE:      169594.90
2026-10-01 20:38:15 | INFO | P06-HOME-SALES | R-squared: 0.329
2026-10-01 20:38:15 | INFO | P06-HOME-SALES | -------------------------------
2026-10-01 20:38:15 | INFO | P06-HOME-SALES | 09. VISUALIZE predictions and residuals.
2026-10-01 20:38:15 | INFO | P06-HOME-SALES | -------------------------------
2026-10-01 20:38:15 | INFO | P06-HOME-SALES | Chart saved successfully at docs\images\home-sales-regression-predictions.png.
2026-10-01 20:38:15 | INFO | P06-HOME-SALES | Chart saved successfully at docs\images\home-sales-regression-residuals.png.
2026-10-01 20:38:15 | INFO | P06-HOME-SALES | -------------------------------
2026-10-01 20:38:15 | INFO | P06-HOME-SALES | 10. ASSESS the results.
2026-10-01 20:38:15 | INFO | P06-HOME-SALES | -------------------------------
2026-10-01 20:38:15 | INFO | P06-HOME-SALES | CUSTOM OBSERVATIONS:

I used square footage to predict home prices.

The baseline RMSE was ...

The LinearRegression RMSE was ...

Compared with the baseline,
the LinearRegression model ...

The model R-squared was ...

In the residual plot, I observed ...

Based on this evidence,
I conclude ...

Next, I would like to try using another
feature such as bedrooms or bathrooms.

2026-10-01 20:38:15 | INFO | P06-HOME-SALES | ===================================
2026-10-01 20:38:15 | INFO | P06-HOME-SALES | END main() - Executed successfully!
2026-10-01 20:38:15 | INFO | P06-HOME-SALES | ===================================
2026-10-01 20:41:45 | INFO | P06 | === RUN START ===
2026-10-01 20:41:45 | INFO | P06 | project=P06 - LINEAR REGRESSION
2026-10-01 20:41:45 | INFO | P06 | repo_dir=datafun-06-ml
2026-10-01 20:41:45 | INFO | P06 | python=3.14.7
2026-10-01 20:41:45 | INFO | P06 | os=Windows 11
2026-10-01 20:41:45 | INFO | P06 | shell=powershell
2026-10-01 20:41:45 | INFO | P06 | cwd=.
2026-10-01 20:41:45 | INFO | P06 | github_actions=False
2026-10-01 20:41:45 | INFO | P06 | ===================================
2026-10-01 20:41:45 | INFO | P06 | START main()
2026-10-01 20:41:45 | INFO | P06 | ===================================
2026-10-01 20:41:45 | INFO | P06 | -------------------------------
2026-10-01 20:41:45 | INFO | P06 | 01. OBSERVE the data and prior findings.
2026-10-01 20:41:45 | INFO | P06 | -------------------------------
2026-10-01 20:41:45 | INFO | P06 | data file = data\raw\penguins.csv
2026-10-01 20:41:45 | INFO | P06 | Data loaded successfully.
2026-10-01 20:41:45 | INFO | P06 | Grain: one penguin
2026-10-01 20:41:45 | INFO | P06 | Rows: 344
2026-10-01 20:41:45 | INFO | P06 | Columns: 8
2026-10-01 20:41:45 | INFO | P06 | Column names: ['species', 'island', 'bill_length_mm', 'bill_depth_mm', 'flipper_length_mm', 'body_mass_g', 'sex', 'year']
2026-10-01 20:41:45 | INFO | P06 | -------------------------------
2026-10-01 20:41:45 | INFO | P06 | 02. DECLARE the target and feature.
2026-10-01 20:41:45 | INFO | P06 | -------------------------------
2026-10-01 20:41:45 | INFO | P06 | Target:  body_mass_g
2026-10-01 20:41:45 | INFO | P06 | Feature: bill_length_mm
2026-10-01 20:41:45 | INFO | P06 | 
I want to predict body mass.

I selected bill length as the feature.

A bigger penguin may have both a longer bill and more mass,
so bill length might contain useful information
for predicting body mass.

I do not know yet how well bill length will predict body mass.
The modeling process will provide evidence.

2026-10-01 20:41:45 | INFO | P06 | -------------------------------
2026-10-01 20:41:45 | INFO | P06 | 03. PREPARE the modeling data.
2026-10-01 20:41:45 | INFO | P06 | -------------------------------
2026-10-01 20:41:45 | INFO | P06 | Original rows: 344
2026-10-01 20:41:45 | INFO | P06 | Modeling rows: 342
2026-10-01 20:41:45 | INFO | P06 | Rows dropped: 2
2026-10-01 20:41:45 | INFO | P06 | X shape: (342, 1)
2026-10-01 20:41:45 | INFO | P06 | y shape: (342,)
2026-10-01 20:41:45 | INFO | P06 | -------------------------------
2026-10-01 20:41:45 | INFO | P06 | 04. SPLIT into training and test data.
2026-10-01 20:41:45 | INFO | P06 | -------------------------------
2026-10-01 20:41:45 | INFO | P06 | 
I will use 80% of the modeling rows for training
and hold back 20% for testing.

I want most of the available data to be available
for learning the model,
while still keeping a separate set of observations
that the model did not see during training.

The test rows will be used later
to evaluate how the trained model performs
on unseen observations.

I will use a random seed of 42.

The specific value 42 is not analytically important.
I use a fixed seed so the random split is reproducible.
Running the project again will produce the same
training and test observations,
which makes results easier to reproduce and compare.

2026-10-01 20:41:45 | INFO | P06 | Training rows: 273
2026-10-01 20:41:45 | INFO | P06 | Test rows: 69
2026-10-01 20:41:45 | INFO | P06 | -------------------------------
2026-10-01 20:41:45 | INFO | P06 | 05. BASELINE with a simple reference model.
2026-10-01 20:41:45 | INFO | P06 | -------------------------------
2026-10-01 20:41:45 | INFO | P06 | 
Before evaluating the LinearRegression model,
I need a simple baseline for comparison.

The baseline will ignore bill length
and predict the average body mass
from the training data for every test observation.

A useful predictive model should improve
on this simple reference prediction.

2026-10-01 20:41:45 | INFO | P06 | Baseline strategy: mean
2026-10-01 20:41:45 | INFO | P06 | Baseline RMSE: 751.68
2026-10-01 20:41:45 | INFO | P06 | Baseline R-squared: -0.002
2026-10-01 20:41:45 | INFO | P06 | -------------------------------
2026-10-01 20:41:45 | INFO | P06 | 06. TRAIN a LinearRegression model.
2026-10-01 20:41:45 | INFO | P06 | -------------------------------
2026-10-01 20:41:45 | INFO | P06 | 
I will use LinearRegression.

Linear regression fits a straight-line relationship
between the selected feature and target.

This gives a simple and interpretable model
that can be compared with the baseline.

Fitting a line does not prove that a straight line
is a good description of the relationship.

The evaluation metrics and residual plot
will help assess whether the model is useful.

2026-10-01 20:41:45 | INFO | P06 | The model learned this line:
2026-10-01 20:41:45 | INFO | P06 | body_mass_g = 85.343 * bill_length_mm + 454.089
2026-10-01 20:41:45 | INFO | P06 | -------------------------------
2026-10-01 20:41:45 | INFO | P06 | 07. PREDICT on X_test.
2026-10-01 20:41:45 | INFO | P06 | -------------------------------
2026-10-01 20:41:45 | INFO | P06 | Predictions created: 69
2026-10-01 20:41:45 | INFO | P06 | -------------------------------
2026-10-01 20:41:45 | INFO | P06 | 08. EVALUATE baseline vs model on y_test.
2026-10-01 20:41:45 | INFO | P06 | -------------------------------
2026-10-01 20:41:45 | INFO | P06 | BASELINE RESULTS
2026-10-01 20:41:45 | INFO | P06 | RMSE:      751.68
2026-10-01 20:41:45 | INFO | P06 | R-squared: -0.002
2026-10-01 20:41:45 | INFO | P06 | LINEAR REGRESSION RESULTS
2026-10-01 20:41:45 | INFO | P06 | RMSE:      565.76
2026-10-01 20:41:45 | INFO | P06 | R-squared: 0.433
2026-10-01 20:41:45 | INFO | P06 | -------------------------------
2026-10-01 20:41:45 | INFO | P06 | 09. VISUALIZE predictions and residuals.
2026-10-01 20:41:45 | INFO | P06 | -------------------------------
2026-10-01 20:41:45 | INFO | P06 | Chart saved successfully at docs\images\regression-predictions.png.
2026-10-01 20:41:45 | INFO | P06 | Chart saved successfully at docs\images\regression-residuals.png.
2026-10-01 20:41:45 | INFO | P06 | -------------------------------
2026-10-01 20:41:45 | INFO | P06 | 10. ASSESS the results.
2026-10-01 20:41:45 | INFO | P06 | -------------------------------
2026-10-01 20:41:45 | INFO | P06 | CUSTOM OBSERVATIONS:
    I used bill length to predict body mass.

    The baseline RMSE was ...
    The LinearRegression RMSE was ...

    Compared with the baseline,
    the LinearRegression model ...

    The model R-squared was ...

    In the residual plot, I observed ...

    Based on this evidence,
    I conclude ...

    Next, I would like to try ...
    
2026-10-01 20:41:45 | INFO | P06 | In a script, call plt.show() at the end to display all charts.
2026-10-01 20:41:45 | INFO | P06 | Close all chart windows (with the close button) to continue.
2026-10-01 20:41:45 | INFO | P06 | ===================================
2026-10-01 20:41:45 | INFO | P06 | END main() - Executed successfully!
2026-10-01 20:41:45 | INFO | P06 | ===================================
2026-10-01 21:02:58 | INFO | P06-JAYLEN-BROWN | === RUN START ===
2026-10-01 21:02:58 | INFO | P06-JAYLEN-BROWN | project=P06 - LINEAR REGRESSION - JAYLEN BROWN
2026-10-01 21:02:58 | INFO | P06-JAYLEN-BROWN | repo_dir=datafun-06-ml
2026-10-01 21:02:58 | INFO | P06-JAYLEN-BROWN | python=3.14.7
2026-10-01 21:02:58 | INFO | P06-JAYLEN-BROWN | os=Windows 11
2026-10-01 21:02:58 | INFO | P06-JAYLEN-BROWN | shell=powershell
2026-10-01 21:02:58 | INFO | P06-JAYLEN-BROWN | cwd=.
2026-10-01 21:02:58 | INFO | P06-JAYLEN-BROWN | github_actions=False
2026-10-01 21:02:58 | INFO | P06-JAYLEN-BROWN | ===================================
2026-10-01 21:02:58 | INFO | P06-JAYLEN-BROWN | START main()
2026-10-01 21:02:58 | INFO | P06-JAYLEN-BROWN | ===================================
2026-10-01 21:02:58 | INFO | P06-JAYLEN-BROWN | -------------------------------
2026-10-01 21:02:58 | INFO | P06-JAYLEN-BROWN | 01. OBSERVE the data.
2026-10-01 21:02:58 | INFO | P06-JAYLEN-BROWN | -------------------------------
2026-10-01 21:02:58 | INFO | P06-JAYLEN-BROWN | Requesting data from ESPN.
2026-10-01 21:02:58 | INFO | P06-JAYLEN-BROWN | ESPN data loaded successfully.
2026-10-01 21:02:58 | INFO | P06-JAYLEN-BROWN | ESPN labels: ['MIN', 'FG', 'FG%', '3PT', '3P%', 'FT', 'FT%', 'REB', 'AST', 'BLK', 'STL', 'PF', 'TO', 'PTS']
2026-10-01 21:02:58 | INFO | P06-JAYLEN-BROWN | ESPN games returned: 84
2026-10-01 21:05:15 | INFO | P06-JAYLEN-BROWN | === RUN START ===
2026-10-01 21:05:15 | INFO | P06-JAYLEN-BROWN | project=P06 - LINEAR REGRESSION - JAYLEN BROWN
2026-10-01 21:05:15 | INFO | P06-JAYLEN-BROWN | repo_dir=datafun-06-ml
2026-10-01 21:05:15 | INFO | P06-JAYLEN-BROWN | python=3.14.7
2026-10-01 21:05:15 | INFO | P06-JAYLEN-BROWN | os=Windows 11
2026-10-01 21:05:15 | INFO | P06-JAYLEN-BROWN | shell=powershell
2026-10-01 21:05:15 | INFO | P06-JAYLEN-BROWN | cwd=.
2026-10-01 21:05:15 | INFO | P06-JAYLEN-BROWN | github_actions=False
2026-10-01 21:05:15 | INFO | P06-JAYLEN-BROWN | ===================================
2026-10-01 21:05:15 | INFO | P06-JAYLEN-BROWN | START main()
2026-10-01 21:05:15 | INFO | P06-JAYLEN-BROWN | ===================================
2026-10-01 21:05:15 | INFO | P06-JAYLEN-BROWN | -------------------------------
2026-10-01 21:05:15 | INFO | P06-JAYLEN-BROWN | 01. OBSERVE the data.
2026-10-01 21:05:15 | INFO | P06-JAYLEN-BROWN | -------------------------------
2026-10-01 21:05:15 | INFO | P06-JAYLEN-BROWN | Requesting data from ESPN.
2026-10-01 21:05:15 | INFO | P06-JAYLEN-BROWN | ESPN data loaded successfully.
2026-10-01 21:05:15 | INFO | P06-JAYLEN-BROWN | Parsing ESPN game-log response.
2026-10-01 21:05:15 | INFO | P06-JAYLEN-BROWN | Top-level events type: dict
2026-10-01 21:05:15 | INFO | P06-JAYLEN-BROWN | Events dictionary keys: ['401869412', '401869410', '401869408', '401869406', '401869404', '401869396', '401869191', '401811029', '401811004', '401810987', '401810981', '401810961', '401810947', '401810909', '401810890', '401810874', '401810854', '401810841', '401810826', '401810814', '401810797', '401810776', '401810763', '401810749', '401810729', '401810714', '401810702', '401810678', '401810654', '401838143', '401838142', '401838141', '401810633', '401810612', '401810596', '401810576', '401810557', '401810528', '401810515', '401810502', '401810492', '401810476', '401809250', '401810449', '401810435', '401810400', '401810387', '401810375', '401810358', '401810348', '401810329', '401810314', '401810299', '401810281', '401810258', '401810236', '401836803', '401836747', '401810213', '401810193', '401810175', '401810157', '401810148', '401809802', '401810132', '401809791', '401810105', '401810088', '401810071', '401810064', '401810048', '401809510', '401810029', '401810013', '401810001', '401809503', '401809983', '401809972', '401809961', '401809945', '401809936', '401812723', '401812707', '401812688']
2026-10-01 21:05:15 | INFO | P06-JAYLEN-BROWN | Inspecting ESPN section: 401869412
2026-10-01 21:05:15 | INFO | P06-JAYLEN-BROWN | Inspecting ESPN section: 401869410
2026-10-01 21:05:15 | INFO | P06-JAYLEN-BROWN | Inspecting ESPN section: 401869408
2026-10-01 21:05:15 | INFO | P06-JAYLEN-BROWN | Inspecting ESPN section: 401869406
2026-10-01 21:05:15 | INFO | P06-JAYLEN-BROWN | Inspecting ESPN section: 401869404
2026-10-01 21:05:15 | INFO | P06-JAYLEN-BROWN | Inspecting ESPN section: 401869396
2026-10-01 21:05:15 | INFO | P06-JAYLEN-BROWN | Inspecting ESPN section: 401869191
2026-10-01 21:05:15 | INFO | P06-JAYLEN-BROWN | Inspecting ESPN section: 401811029
2026-10-01 21:05:15 | INFO | P06-JAYLEN-BROWN | Inspecting ESPN section: 401811004
2026-10-01 21:05:15 | INFO | P06-JAYLEN-BROWN | Inspecting ESPN section: 401810987
2026-10-01 21:05:15 | INFO | P06-JAYLEN-BROWN | Inspecting ESPN section: 401810981
2026-10-01 21:05:15 | INFO | P06-JAYLEN-BROWN | Inspecting ESPN section: 401810961
2026-10-01 21:05:15 | INFO | P06-JAYLEN-BROWN | Inspecting ESPN section: 401810947
2026-10-01 21:05:15 | INFO | P06-JAYLEN-BROWN | Inspecting ESPN section: 401810909
2026-10-01 21:05:15 | INFO | P06-JAYLEN-BROWN | Inspecting ESPN section: 401810890
2026-10-01 21:05:15 | INFO | P06-JAYLEN-BROWN | Inspecting ESPN section: 401810874
2026-10-01 21:05:15 | INFO | P06-JAYLEN-BROWN | Inspecting ESPN section: 401810854
2026-10-01 21:05:15 | INFO | P06-JAYLEN-BROWN | Inspecting ESPN section: 401810841
2026-10-01 21:05:15 | INFO | P06-JAYLEN-BROWN | Inspecting ESPN section: 401810826
2026-10-01 21:05:15 | INFO | P06-JAYLEN-BROWN | Inspecting ESPN section: 401810814
2026-10-01 21:05:15 | INFO | P06-JAYLEN-BROWN | Inspecting ESPN section: 401810797
2026-10-01 21:05:15 | INFO | P06-JAYLEN-BROWN | Inspecting ESPN section: 401810776
2026-10-01 21:05:15 | INFO | P06-JAYLEN-BROWN | Inspecting ESPN section: 401810763
2026-10-01 21:05:15 | INFO | P06-JAYLEN-BROWN | Inspecting ESPN section: 401810749
2026-10-01 21:05:15 | INFO | P06-JAYLEN-BROWN | Inspecting ESPN section: 401810729
2026-10-01 21:05:15 | INFO | P06-JAYLEN-BROWN | Inspecting ESPN section: 401810714
2026-10-01 21:05:15 | INFO | P06-JAYLEN-BROWN | Inspecting ESPN section: 401810702
2026-10-01 21:05:15 | INFO | P06-JAYLEN-BROWN | Inspecting ESPN section: 401810678
2026-10-01 21:05:15 | INFO | P06-JAYLEN-BROWN | Inspecting ESPN section: 401810654
2026-10-01 21:05:15 | INFO | P06-JAYLEN-BROWN | Inspecting ESPN section: 401838143
2026-10-01 21:05:15 | INFO | P06-JAYLEN-BROWN | Inspecting ESPN section: 401838142
2026-10-01 21:05:15 | INFO | P06-JAYLEN-BROWN | Inspecting ESPN section: 401838141
2026-10-01 21:05:15 | INFO | P06-JAYLEN-BROWN | Inspecting ESPN section: 401810633
2026-10-01 21:05:15 | INFO | P06-JAYLEN-BROWN | Inspecting ESPN section: 401810612
2026-10-01 21:05:15 | INFO | P06-JAYLEN-BROWN | Inspecting ESPN section: 401810596
2026-10-01 21:05:15 | INFO | P06-JAYLEN-BROWN | Inspecting ESPN section: 401810576
2026-10-01 21:05:15 | INFO | P06-JAYLEN-BROWN | Inspecting ESPN section: 401810557
2026-10-01 21:05:15 | INFO | P06-JAYLEN-BROWN | Inspecting ESPN section: 401810528
2026-10-01 21:05:15 | INFO | P06-JAYLEN-BROWN | Inspecting ESPN section: 401810515
2026-10-01 21:05:15 | INFO | P06-JAYLEN-BROWN | Inspecting ESPN section: 401810502
2026-10-01 21:05:15 | INFO | P06-JAYLEN-BROWN | Inspecting ESPN section: 401810492
2026-10-01 21:05:15 | INFO | P06-JAYLEN-BROWN | Inspecting ESPN section: 401810476
2026-10-01 21:05:15 | INFO | P06-JAYLEN-BROWN | Inspecting ESPN section: 401809250
2026-10-01 21:05:15 | INFO | P06-JAYLEN-BROWN | Inspecting ESPN section: 401810449
2026-10-01 21:05:15 | INFO | P06-JAYLEN-BROWN | Inspecting ESPN section: 401810435
2026-10-01 21:05:15 | INFO | P06-JAYLEN-BROWN | Inspecting ESPN section: 401810400
2026-10-01 21:05:15 | INFO | P06-JAYLEN-BROWN | Inspecting ESPN section: 401810387
2026-10-01 21:05:15 | INFO | P06-JAYLEN-BROWN | Inspecting ESPN section: 401810375
2026-10-01 21:05:15 | INFO | P06-JAYLEN-BROWN | Inspecting ESPN section: 401810358
2026-10-01 21:05:15 | INFO | P06-JAYLEN-BROWN | Inspecting ESPN section: 401810348
2026-10-01 21:05:15 | INFO | P06-JAYLEN-BROWN | Inspecting ESPN section: 401810329
2026-10-01 21:05:15 | INFO | P06-JAYLEN-BROWN | Inspecting ESPN section: 401810314
2026-10-01 21:05:15 | INFO | P06-JAYLEN-BROWN | Inspecting ESPN section: 401810299
2026-10-01 21:05:15 | INFO | P06-JAYLEN-BROWN | Inspecting ESPN section: 401810281
2026-10-01 21:05:15 | INFO | P06-JAYLEN-BROWN | Inspecting ESPN section: 401810258
2026-10-01 21:05:15 | INFO | P06-JAYLEN-BROWN | Inspecting ESPN section: 401810236
2026-10-01 21:05:15 | INFO | P06-JAYLEN-BROWN | Inspecting ESPN section: 401836803
2026-10-01 21:05:15 | INFO | P06-JAYLEN-BROWN | Inspecting ESPN section: 401836747
2026-10-01 21:05:15 | INFO | P06-JAYLEN-BROWN | Inspecting ESPN section: 401810213
2026-10-01 21:05:15 | INFO | P06-JAYLEN-BROWN | Inspecting ESPN section: 401810193
2026-10-01 21:05:15 | INFO | P06-JAYLEN-BROWN | Inspecting ESPN section: 401810175
2026-10-01 21:05:15 | INFO | P06-JAYLEN-BROWN | Inspecting ESPN section: 401810157
2026-10-01 21:05:15 | INFO | P06-JAYLEN-BROWN | Inspecting ESPN section: 401810148
2026-10-01 21:05:15 | INFO | P06-JAYLEN-BROWN | Inspecting ESPN section: 401809802
2026-10-01 21:05:15 | INFO | P06-JAYLEN-BROWN | Inspecting ESPN section: 401810132
2026-10-01 21:05:15 | INFO | P06-JAYLEN-BROWN | Inspecting ESPN section: 401809791
2026-10-01 21:05:15 | INFO | P06-JAYLEN-BROWN | Inspecting ESPN section: 401810105
2026-10-01 21:05:15 | INFO | P06-JAYLEN-BROWN | Inspecting ESPN section: 401810088
2026-10-01 21:05:15 | INFO | P06-JAYLEN-BROWN | Inspecting ESPN section: 401810071
2026-10-01 21:05:15 | INFO | P06-JAYLEN-BROWN | Inspecting ESPN section: 401810064
2026-10-01 21:05:15 | INFO | P06-JAYLEN-BROWN | Inspecting ESPN section: 401810048
2026-10-01 21:05:15 | INFO | P06-JAYLEN-BROWN | Inspecting ESPN section: 401809510
2026-10-01 21:05:15 | INFO | P06-JAYLEN-BROWN | Inspecting ESPN section: 401810029
2026-10-01 21:05:15 | INFO | P06-JAYLEN-BROWN | Inspecting ESPN section: 401810013
2026-10-01 21:05:15 | INFO | P06-JAYLEN-BROWN | Inspecting ESPN section: 401810001
2026-10-01 21:05:15 | INFO | P06-JAYLEN-BROWN | Inspecting ESPN section: 401809503
2026-10-01 21:05:15 | INFO | P06-JAYLEN-BROWN | Inspecting ESPN section: 401809983
2026-10-01 21:05:15 | INFO | P06-JAYLEN-BROWN | Inspecting ESPN section: 401809972
2026-10-01 21:05:15 | INFO | P06-JAYLEN-BROWN | Inspecting ESPN section: 401809961
2026-10-01 21:05:15 | INFO | P06-JAYLEN-BROWN | Inspecting ESPN section: 401809945
2026-10-01 21:05:15 | INFO | P06-JAYLEN-BROWN | Inspecting ESPN section: 401809936
2026-10-01 21:05:15 | INFO | P06-JAYLEN-BROWN | Inspecting ESPN section: 401812723
2026-10-01 21:05:15 | INFO | P06-JAYLEN-BROWN | Inspecting ESPN section: 401812707
2026-10-01 21:05:15 | INFO | P06-JAYLEN-BROWN | Inspecting ESPN section: 401812688
2026-10-01 21:05:15 | INFO | P06-JAYLEN-BROWN | Parsed ESPN rows: 0
2026-10-01 21:05:15 | INFO | P06-JAYLEN-BROWN | Parsed ESPN columns: []
2026-10-01 21:05:15 | INFO | P06-JAYLEN-BROWN | Grain: one Jaylen Brown game
2026-10-01 21:05:15 | INFO | P06-JAYLEN-BROWN | Rows: 0
2026-10-01 21:05:15 | INFO | P06-JAYLEN-BROWN | Columns: 0
2026-10-01 21:05:15 | INFO | P06-JAYLEN-BROWN | Column names: []
2026-10-01 21:06:22 | INFO | P06-JAYLEN-BROWN | === RUN START ===
2026-10-01 21:06:22 | INFO | P06-JAYLEN-BROWN | project=P06 - LINEAR REGRESSION - JAYLEN BROWN
2026-10-01 21:06:22 | INFO | P06-JAYLEN-BROWN | repo_dir=datafun-06-ml
2026-10-01 21:06:22 | INFO | P06-JAYLEN-BROWN | python=3.14.7
2026-10-01 21:06:22 | INFO | P06-JAYLEN-BROWN | os=Windows 11
2026-10-01 21:06:22 | INFO | P06-JAYLEN-BROWN | shell=powershell
2026-10-01 21:06:22 | INFO | P06-JAYLEN-BROWN | cwd=.
2026-10-01 21:06:22 | INFO | P06-JAYLEN-BROWN | github_actions=False
2026-10-01 21:06:22 | INFO | P06-JAYLEN-BROWN | ===================================
2026-10-01 21:06:22 | INFO | P06-JAYLEN-BROWN | START main()
2026-10-01 21:06:22 | INFO | P06-JAYLEN-BROWN | ===================================
2026-10-01 21:06:22 | INFO | P06-JAYLEN-BROWN | -------------------------------
2026-10-01 21:06:22 | INFO | P06-JAYLEN-BROWN | 01. OBSERVE the data.
2026-10-01 21:06:22 | INFO | P06-JAYLEN-BROWN | -------------------------------
2026-10-01 21:06:22 | INFO | P06-JAYLEN-BROWN | Requesting data from ESPN.
2026-10-01 21:06:22 | INFO | P06-JAYLEN-BROWN | ESPN data loaded successfully.
2026-10-01 21:06:22 | INFO | P06-JAYLEN-BROWN | Parsing ESPN game-log response.
2026-10-01 21:06:22 | INFO | P06-JAYLEN-BROWN | Top-level events type: dict
2026-10-01 21:06:22 | INFO | P06-JAYLEN-BROWN | Events dictionary keys: ['401869412', '401869410', '401869408', '401869406', '401869404', '401869396', '401869191', '401811029', '401811004', '401810987', '401810981', '401810961', '401810947', '401810909', '401810890', '401810874', '401810854', '401810841', '401810826', '401810814', '401810797', '401810776', '401810763', '401810749', '401810729', '401810714', '401810702', '401810678', '401810654', '401838143', '401838142', '401838141', '401810633', '401810612', '401810596', '401810576', '401810557', '401810528', '401810515', '401810502', '401810492', '401810476', '401809250', '401810449', '401810435', '401810400', '401810387', '401810375', '401810358', '401810348', '401810329', '401810314', '401810299', '401810281', '401810258', '401810236', '401836803', '401836747', '401810213', '401810193', '401810175', '401810157', '401810148', '401809802', '401810132', '401809791', '401810105', '401810088', '401810071', '401810064', '401810048', '401809510', '401810029', '401810013', '401810001', '401809503', '401809983', '401809972', '401809961', '401809945', '401809936', '401812723', '401812707', '401812688']
2026-10-01 21:06:22 | INFO | P06-JAYLEN-BROWN | Inspecting ESPN section: 401869412
2026-10-01 21:06:22 | INFO | P06-JAYLEN-BROWN | Inspecting ESPN section: 401869410
2026-10-01 21:06:22 | INFO | P06-JAYLEN-BROWN | Inspecting ESPN section: 401869408
2026-10-01 21:06:22 | INFO | P06-JAYLEN-BROWN | Inspecting ESPN section: 401869406
2026-10-01 21:06:22 | INFO | P06-JAYLEN-BROWN | Inspecting ESPN section: 401869404
2026-10-01 21:06:22 | INFO | P06-JAYLEN-BROWN | Inspecting ESPN section: 401869396
2026-10-01 21:06:22 | INFO | P06-JAYLEN-BROWN | Inspecting ESPN section: 401869191
2026-10-01 21:06:22 | INFO | P06-JAYLEN-BROWN | Inspecting ESPN section: 401811029
2026-10-01 21:06:22 | INFO | P06-JAYLEN-BROWN | Inspecting ESPN section: 401811004
2026-10-01 21:06:22 | INFO | P06-JAYLEN-BROWN | Inspecting ESPN section: 401810987
2026-10-01 21:06:22 | INFO | P06-JAYLEN-BROWN | Inspecting ESPN section: 401810981
2026-10-01 21:06:22 | INFO | P06-JAYLEN-BROWN | Inspecting ESPN section: 401810961
2026-10-01 21:06:22 | INFO | P06-JAYLEN-BROWN | Inspecting ESPN section: 401810947
2026-10-01 21:06:22 | INFO | P06-JAYLEN-BROWN | Inspecting ESPN section: 401810909
2026-10-01 21:06:22 | INFO | P06-JAYLEN-BROWN | Inspecting ESPN section: 401810890
2026-10-01 21:06:22 | INFO | P06-JAYLEN-BROWN | Inspecting ESPN section: 401810874
2026-10-01 21:06:22 | INFO | P06-JAYLEN-BROWN | Inspecting ESPN section: 401810854
2026-10-01 21:06:22 | INFO | P06-JAYLEN-BROWN | Inspecting ESPN section: 401810841
2026-10-01 21:06:22 | INFO | P06-JAYLEN-BROWN | Inspecting ESPN section: 401810826
2026-10-01 21:06:22 | INFO | P06-JAYLEN-BROWN | Inspecting ESPN section: 401810814
2026-10-01 21:06:22 | INFO | P06-JAYLEN-BROWN | Inspecting ESPN section: 401810797
2026-10-01 21:06:22 | INFO | P06-JAYLEN-BROWN | Inspecting ESPN section: 401810776
2026-10-01 21:06:22 | INFO | P06-JAYLEN-BROWN | Inspecting ESPN section: 401810763
2026-10-01 21:06:22 | INFO | P06-JAYLEN-BROWN | Inspecting ESPN section: 401810749
2026-10-01 21:06:22 | INFO | P06-JAYLEN-BROWN | Inspecting ESPN section: 401810729
2026-10-01 21:06:22 | INFO | P06-JAYLEN-BROWN | Inspecting ESPN section: 401810714
2026-10-01 21:06:22 | INFO | P06-JAYLEN-BROWN | Inspecting ESPN section: 401810702
2026-10-01 21:06:22 | INFO | P06-JAYLEN-BROWN | Inspecting ESPN section: 401810678
2026-10-01 21:06:22 | INFO | P06-JAYLEN-BROWN | Inspecting ESPN section: 401810654
2026-10-01 21:06:22 | INFO | P06-JAYLEN-BROWN | Inspecting ESPN section: 401838143
2026-10-01 21:06:22 | INFO | P06-JAYLEN-BROWN | Inspecting ESPN section: 401838142
2026-10-01 21:06:22 | INFO | P06-JAYLEN-BROWN | Inspecting ESPN section: 401838141
2026-10-01 21:06:22 | INFO | P06-JAYLEN-BROWN | Inspecting ESPN section: 401810633
2026-10-01 21:06:22 | INFO | P06-JAYLEN-BROWN | Inspecting ESPN section: 401810612
2026-10-01 21:06:22 | INFO | P06-JAYLEN-BROWN | Inspecting ESPN section: 401810596
2026-10-01 21:06:22 | INFO | P06-JAYLEN-BROWN | Inspecting ESPN section: 401810576
2026-10-01 21:06:22 | INFO | P06-JAYLEN-BROWN | Inspecting ESPN section: 401810557
2026-10-01 21:06:22 | INFO | P06-JAYLEN-BROWN | Inspecting ESPN section: 401810528
2026-10-01 21:06:22 | INFO | P06-JAYLEN-BROWN | Inspecting ESPN section: 401810515
2026-10-01 21:06:22 | INFO | P06-JAYLEN-BROWN | Inspecting ESPN section: 401810502
2026-10-01 21:06:22 | INFO | P06-JAYLEN-BROWN | Inspecting ESPN section: 401810492
2026-10-01 21:06:22 | INFO | P06-JAYLEN-BROWN | Inspecting ESPN section: 401810476
2026-10-01 21:06:22 | INFO | P06-JAYLEN-BROWN | Inspecting ESPN section: 401809250
2026-10-01 21:06:22 | INFO | P06-JAYLEN-BROWN | Inspecting ESPN section: 401810449
2026-10-01 21:06:22 | INFO | P06-JAYLEN-BROWN | Inspecting ESPN section: 401810435
2026-10-01 21:06:22 | INFO | P06-JAYLEN-BROWN | Inspecting ESPN section: 401810400
2026-10-01 21:06:22 | INFO | P06-JAYLEN-BROWN | Inspecting ESPN section: 401810387
2026-10-01 21:06:22 | INFO | P06-JAYLEN-BROWN | Inspecting ESPN section: 401810375
2026-10-01 21:06:22 | INFO | P06-JAYLEN-BROWN | Inspecting ESPN section: 401810358
2026-10-01 21:06:22 | INFO | P06-JAYLEN-BROWN | Inspecting ESPN section: 401810348
2026-10-01 21:06:22 | INFO | P06-JAYLEN-BROWN | Inspecting ESPN section: 401810329
2026-10-01 21:06:22 | INFO | P06-JAYLEN-BROWN | Inspecting ESPN section: 401810314
2026-10-01 21:06:22 | INFO | P06-JAYLEN-BROWN | Inspecting ESPN section: 401810299
2026-10-01 21:06:22 | INFO | P06-JAYLEN-BROWN | Inspecting ESPN section: 401810281
2026-10-01 21:06:22 | INFO | P06-JAYLEN-BROWN | Inspecting ESPN section: 401810258
2026-10-01 21:06:22 | INFO | P06-JAYLEN-BROWN | Inspecting ESPN section: 401810236
2026-10-01 21:06:22 | INFO | P06-JAYLEN-BROWN | Inspecting ESPN section: 401836803
2026-10-01 21:06:22 | INFO | P06-JAYLEN-BROWN | Inspecting ESPN section: 401836747
2026-10-01 21:06:22 | INFO | P06-JAYLEN-BROWN | Inspecting ESPN section: 401810213
2026-10-01 21:06:22 | INFO | P06-JAYLEN-BROWN | Inspecting ESPN section: 401810193
2026-10-01 21:06:22 | INFO | P06-JAYLEN-BROWN | Inspecting ESPN section: 401810175
2026-10-01 21:06:22 | INFO | P06-JAYLEN-BROWN | Inspecting ESPN section: 401810157
2026-10-01 21:06:22 | INFO | P06-JAYLEN-BROWN | Inspecting ESPN section: 401810148
2026-10-01 21:06:22 | INFO | P06-JAYLEN-BROWN | Inspecting ESPN section: 401809802
2026-10-01 21:06:22 | INFO | P06-JAYLEN-BROWN | Inspecting ESPN section: 401810132
2026-10-01 21:06:22 | INFO | P06-JAYLEN-BROWN | Inspecting ESPN section: 401809791
2026-10-01 21:06:22 | INFO | P06-JAYLEN-BROWN | Inspecting ESPN section: 401810105
2026-10-01 21:06:22 | INFO | P06-JAYLEN-BROWN | Inspecting ESPN section: 401810088
2026-10-01 21:06:22 | INFO | P06-JAYLEN-BROWN | Inspecting ESPN section: 401810071
2026-10-01 21:06:22 | INFO | P06-JAYLEN-BROWN | Inspecting ESPN section: 401810064
2026-10-01 21:06:22 | INFO | P06-JAYLEN-BROWN | Inspecting ESPN section: 401810048
2026-10-01 21:06:22 | INFO | P06-JAYLEN-BROWN | Inspecting ESPN section: 401809510
2026-10-01 21:06:22 | INFO | P06-JAYLEN-BROWN | Inspecting ESPN section: 401810029
2026-10-01 21:06:22 | INFO | P06-JAYLEN-BROWN | Inspecting ESPN section: 401810013
2026-10-01 21:06:22 | INFO | P06-JAYLEN-BROWN | Inspecting ESPN section: 401810001
2026-10-01 21:06:22 | INFO | P06-JAYLEN-BROWN | Inspecting ESPN section: 401809503
2026-10-01 21:06:22 | INFO | P06-JAYLEN-BROWN | Inspecting ESPN section: 401809983
2026-10-01 21:06:22 | INFO | P06-JAYLEN-BROWN | Inspecting ESPN section: 401809972
2026-10-01 21:06:22 | INFO | P06-JAYLEN-BROWN | Inspecting ESPN section: 401809961
2026-10-01 21:06:22 | INFO | P06-JAYLEN-BROWN | Inspecting ESPN section: 401809945
2026-10-01 21:06:22 | INFO | P06-JAYLEN-BROWN | Inspecting ESPN section: 401809936
2026-10-01 21:06:22 | INFO | P06-JAYLEN-BROWN | Inspecting ESPN section: 401812723
2026-10-01 21:06:22 | INFO | P06-JAYLEN-BROWN | Inspecting ESPN section: 401812707
2026-10-01 21:06:22 | INFO | P06-JAYLEN-BROWN | Inspecting ESPN section: 401812688
2026-10-01 21:06:22 | INFO | P06-JAYLEN-BROWN | Parsed ESPN rows: 0
2026-10-01 21:06:22 | INFO | P06-JAYLEN-BROWN | Parsed ESPN columns: []
2026-10-01 21:06:22 | INFO | P06-JAYLEN-BROWN | Grain: one Jaylen Brown game
2026-10-01 21:06:22 | INFO | P06-JAYLEN-BROWN | Rows: 0
2026-10-01 21:06:22 | INFO | P06-JAYLEN-BROWN | Columns: 0
2026-10-01 21:06:22 | INFO | P06-JAYLEN-BROWN | Column names: []
2026-10-01 21:06:22 | INFO | P06-JAYLEN-BROWN | ESPN columns received by prepare_data: []
2026-10-01 21:06:22 | INFO | P06-JAYLEN-BROWN | First rows of ESPN data:
Empty DataFrame
Columns: []
Index: []
2026-10-01 21:07:05 | INFO | P06-JAYLEN-BROWN | === RUN START ===
2026-10-01 21:07:05 | INFO | P06-JAYLEN-BROWN | project=P06 - LINEAR REGRESSION - JAYLEN BROWN
2026-10-01 21:07:05 | INFO | P06-JAYLEN-BROWN | repo_dir=datafun-06-ml
2026-10-01 21:07:05 | INFO | P06-JAYLEN-BROWN | python=3.14.7
2026-10-01 21:07:05 | INFO | P06-JAYLEN-BROWN | os=Windows 11
2026-10-01 21:07:05 | INFO | P06-JAYLEN-BROWN | shell=powershell
2026-10-01 21:07:05 | INFO | P06-JAYLEN-BROWN | cwd=.
2026-10-01 21:07:05 | INFO | P06-JAYLEN-BROWN | github_actions=False
2026-10-01 21:07:05 | INFO | P06-JAYLEN-BROWN | ===================================
2026-10-01 21:07:05 | INFO | P06-JAYLEN-BROWN | START main()
2026-10-01 21:07:05 | INFO | P06-JAYLEN-BROWN | ===================================
2026-10-01 21:07:05 | INFO | P06-JAYLEN-BROWN | -------------------------------
2026-10-01 21:07:05 | INFO | P06-JAYLEN-BROWN | 01. OBSERVE the data.
2026-10-01 21:07:05 | INFO | P06-JAYLEN-BROWN | -------------------------------
2026-10-01 21:07:05 | INFO | P06-JAYLEN-BROWN | Requesting data from ESPN.
2026-10-01 21:07:06 | INFO | P06-JAYLEN-BROWN | ESPN data loaded successfully.
2026-10-01 21:07:06 | INFO | P06-JAYLEN-BROWN | Parsing ESPN game-log response.
2026-10-01 21:07:06 | INFO | P06-JAYLEN-BROWN | Top-level events type: dict
2026-10-01 21:07:06 | INFO | P06-JAYLEN-BROWN | Events dictionary keys: ['401869412', '401869410', '401869408', '401869406', '401869404', '401869396', '401869191', '401811029', '401811004', '401810987', '401810981', '401810961', '401810947', '401810909', '401810890', '401810874', '401810854', '401810841', '401810826', '401810814', '401810797', '401810776', '401810763', '401810749', '401810729', '401810714', '401810702', '401810678', '401810654', '401838143', '401838142', '401838141', '401810633', '401810612', '401810596', '401810576', '401810557', '401810528', '401810515', '401810502', '401810492', '401810476', '401809250', '401810449', '401810435', '401810400', '401810387', '401810375', '401810358', '401810348', '401810329', '401810314', '401810299', '401810281', '401810258', '401810236', '401836803', '401836747', '401810213', '401810193', '401810175', '401810157', '401810148', '401809802', '401810132', '401809791', '401810105', '401810088', '401810071', '401810064', '401810048', '401809510', '401810029', '401810013', '401810001', '401809503', '401809983', '401809972', '401809961', '401809945', '401809936', '401812723', '401812707', '401812688']
2026-10-01 21:07:06 | INFO | P06-JAYLEN-BROWN | Inspecting ESPN section: 401869412
2026-10-01 21:07:06 | INFO | P06-JAYLEN-BROWN | Inspecting ESPN section: 401869410
2026-10-01 21:07:06 | INFO | P06-JAYLEN-BROWN | Inspecting ESPN section: 401869408
2026-10-01 21:07:06 | INFO | P06-JAYLEN-BROWN | Inspecting ESPN section: 401869406
2026-10-01 21:07:06 | INFO | P06-JAYLEN-BROWN | Inspecting ESPN section: 401869404
2026-10-01 21:07:06 | INFO | P06-JAYLEN-BROWN | Inspecting ESPN section: 401869396
2026-10-01 21:07:06 | INFO | P06-JAYLEN-BROWN | Inspecting ESPN section: 401869191
2026-10-01 21:07:06 | INFO | P06-JAYLEN-BROWN | Inspecting ESPN section: 401811029
2026-10-01 21:07:06 | INFO | P06-JAYLEN-BROWN | Inspecting ESPN section: 401811004
2026-10-01 21:07:06 | INFO | P06-JAYLEN-BROWN | Inspecting ESPN section: 401810987
2026-10-01 21:07:06 | INFO | P06-JAYLEN-BROWN | Inspecting ESPN section: 401810981
2026-10-01 21:07:06 | INFO | P06-JAYLEN-BROWN | Inspecting ESPN section: 401810961
2026-10-01 21:07:06 | INFO | P06-JAYLEN-BROWN | Inspecting ESPN section: 401810947
2026-10-01 21:07:06 | INFO | P06-JAYLEN-BROWN | Inspecting ESPN section: 401810909
2026-10-01 21:07:06 | INFO | P06-JAYLEN-BROWN | Inspecting ESPN section: 401810890
2026-10-01 21:07:06 | INFO | P06-JAYLEN-BROWN | Inspecting ESPN section: 401810874
2026-10-01 21:07:06 | INFO | P06-JAYLEN-BROWN | Inspecting ESPN section: 401810854
2026-10-01 21:07:06 | INFO | P06-JAYLEN-BROWN | Inspecting ESPN section: 401810841
2026-10-01 21:07:06 | INFO | P06-JAYLEN-BROWN | Inspecting ESPN section: 401810826
2026-10-01 21:07:06 | INFO | P06-JAYLEN-BROWN | Inspecting ESPN section: 401810814
2026-10-01 21:07:06 | INFO | P06-JAYLEN-BROWN | Inspecting ESPN section: 401810797
2026-10-01 21:07:06 | INFO | P06-JAYLEN-BROWN | Inspecting ESPN section: 401810776
2026-10-01 21:07:06 | INFO | P06-JAYLEN-BROWN | Inspecting ESPN section: 401810763
2026-10-01 21:07:06 | INFO | P06-JAYLEN-BROWN | Inspecting ESPN section: 401810749
2026-10-01 21:07:06 | INFO | P06-JAYLEN-BROWN | Inspecting ESPN section: 401810729
2026-10-01 21:07:06 | INFO | P06-JAYLEN-BROWN | Inspecting ESPN section: 401810714
2026-10-01 21:07:06 | INFO | P06-JAYLEN-BROWN | Inspecting ESPN section: 401810702
2026-10-01 21:07:06 | INFO | P06-JAYLEN-BROWN | Inspecting ESPN section: 401810678
2026-10-01 21:07:06 | INFO | P06-JAYLEN-BROWN | Inspecting ESPN section: 401810654
2026-10-01 21:07:06 | INFO | P06-JAYLEN-BROWN | Inspecting ESPN section: 401838143
2026-10-01 21:07:06 | INFO | P06-JAYLEN-BROWN | Inspecting ESPN section: 401838142
2026-10-01 21:07:06 | INFO | P06-JAYLEN-BROWN | Inspecting ESPN section: 401838141
2026-10-01 21:07:06 | INFO | P06-JAYLEN-BROWN | Inspecting ESPN section: 401810633
2026-10-01 21:07:06 | INFO | P06-JAYLEN-BROWN | Inspecting ESPN section: 401810612
2026-10-01 21:07:06 | INFO | P06-JAYLEN-BROWN | Inspecting ESPN section: 401810596
2026-10-01 21:07:06 | INFO | P06-JAYLEN-BROWN | Inspecting ESPN section: 401810576
2026-10-01 21:07:06 | INFO | P06-JAYLEN-BROWN | Inspecting ESPN section: 401810557
2026-10-01 21:07:06 | INFO | P06-JAYLEN-BROWN | Inspecting ESPN section: 401810528
2026-10-01 21:07:06 | INFO | P06-JAYLEN-BROWN | Inspecting ESPN section: 401810515
2026-10-01 21:07:06 | INFO | P06-JAYLEN-BROWN | Inspecting ESPN section: 401810502
2026-10-01 21:07:06 | INFO | P06-JAYLEN-BROWN | Inspecting ESPN section: 401810492
2026-10-01 21:07:06 | INFO | P06-JAYLEN-BROWN | Inspecting ESPN section: 401810476
2026-10-01 21:07:06 | INFO | P06-JAYLEN-BROWN | Inspecting ESPN section: 401809250
2026-10-01 21:07:06 | INFO | P06-JAYLEN-BROWN | Inspecting ESPN section: 401810449
2026-10-01 21:07:06 | INFO | P06-JAYLEN-BROWN | Inspecting ESPN section: 401810435
2026-10-01 21:07:06 | INFO | P06-JAYLEN-BROWN | Inspecting ESPN section: 401810400
2026-10-01 21:07:06 | INFO | P06-JAYLEN-BROWN | Inspecting ESPN section: 401810387
2026-10-01 21:07:06 | INFO | P06-JAYLEN-BROWN | Inspecting ESPN section: 401810375
2026-10-01 21:07:06 | INFO | P06-JAYLEN-BROWN | Inspecting ESPN section: 401810358
2026-10-01 21:07:06 | INFO | P06-JAYLEN-BROWN | Inspecting ESPN section: 401810348
2026-10-01 21:07:06 | INFO | P06-JAYLEN-BROWN | Inspecting ESPN section: 401810329
2026-10-01 21:07:06 | INFO | P06-JAYLEN-BROWN | Inspecting ESPN section: 401810314
2026-10-01 21:07:06 | INFO | P06-JAYLEN-BROWN | Inspecting ESPN section: 401810299
2026-10-01 21:07:06 | INFO | P06-JAYLEN-BROWN | Inspecting ESPN section: 401810281
2026-10-01 21:07:06 | INFO | P06-JAYLEN-BROWN | Inspecting ESPN section: 401810258
2026-10-01 21:07:06 | INFO | P06-JAYLEN-BROWN | Inspecting ESPN section: 401810236
2026-10-01 21:07:06 | INFO | P06-JAYLEN-BROWN | Inspecting ESPN section: 401836803
2026-10-01 21:07:06 | INFO | P06-JAYLEN-BROWN | Inspecting ESPN section: 401836747
2026-10-01 21:07:06 | INFO | P06-JAYLEN-BROWN | Inspecting ESPN section: 401810213
2026-10-01 21:07:06 | INFO | P06-JAYLEN-BROWN | Inspecting ESPN section: 401810193
2026-10-01 21:07:06 | INFO | P06-JAYLEN-BROWN | Inspecting ESPN section: 401810175
2026-10-01 21:07:06 | INFO | P06-JAYLEN-BROWN | Inspecting ESPN section: 401810157
2026-10-01 21:07:06 | INFO | P06-JAYLEN-BROWN | Inspecting ESPN section: 401810148
2026-10-01 21:07:06 | INFO | P06-JAYLEN-BROWN | Inspecting ESPN section: 401809802
2026-10-01 21:07:06 | INFO | P06-JAYLEN-BROWN | Inspecting ESPN section: 401810132
2026-10-01 21:07:06 | INFO | P06-JAYLEN-BROWN | Inspecting ESPN section: 401809791
2026-10-01 21:07:06 | INFO | P06-JAYLEN-BROWN | Inspecting ESPN section: 401810105
2026-10-01 21:07:06 | INFO | P06-JAYLEN-BROWN | Inspecting ESPN section: 401810088
2026-10-01 21:07:06 | INFO | P06-JAYLEN-BROWN | Inspecting ESPN section: 401810071
2026-10-01 21:07:06 | INFO | P06-JAYLEN-BROWN | Inspecting ESPN section: 401810064
2026-10-01 21:07:06 | INFO | P06-JAYLEN-BROWN | Inspecting ESPN section: 401810048
2026-10-01 21:07:06 | INFO | P06-JAYLEN-BROWN | Inspecting ESPN section: 401809510
2026-10-01 21:07:06 | INFO | P06-JAYLEN-BROWN | Inspecting ESPN section: 401810029
2026-10-01 21:07:06 | INFO | P06-JAYLEN-BROWN | Inspecting ESPN section: 401810013
2026-10-01 21:07:06 | INFO | P06-JAYLEN-BROWN | Inspecting ESPN section: 401810001
2026-10-01 21:07:06 | INFO | P06-JAYLEN-BROWN | Inspecting ESPN section: 401809503
2026-10-01 21:07:06 | INFO | P06-JAYLEN-BROWN | Inspecting ESPN section: 401809983
2026-10-01 21:07:06 | INFO | P06-JAYLEN-BROWN | Inspecting ESPN section: 401809972
2026-10-01 21:07:06 | INFO | P06-JAYLEN-BROWN | Inspecting ESPN section: 401809961
2026-10-01 21:07:06 | INFO | P06-JAYLEN-BROWN | Inspecting ESPN section: 401809945
2026-10-01 21:07:06 | INFO | P06-JAYLEN-BROWN | Inspecting ESPN section: 401809936
2026-10-01 21:07:06 | INFO | P06-JAYLEN-BROWN | Inspecting ESPN section: 401812723
2026-10-01 21:07:06 | INFO | P06-JAYLEN-BROWN | Inspecting ESPN section: 401812707
2026-10-01 21:07:06 | INFO | P06-JAYLEN-BROWN | Inspecting ESPN section: 401812688
2026-10-01 21:07:06 | INFO | P06-JAYLEN-BROWN | Parsed ESPN rows: 0
2026-10-01 21:07:06 | INFO | P06-JAYLEN-BROWN | Parsed ESPN columns: []
2026-10-01 21:07:06 | INFO | P06-JAYLEN-BROWN | Grain: one Jaylen Brown game
2026-10-01 21:07:06 | INFO | P06-JAYLEN-BROWN | Rows: 0
2026-10-01 21:07:06 | INFO | P06-JAYLEN-BROWN | Columns: 0
2026-10-01 21:07:06 | INFO | P06-JAYLEN-BROWN | Column names: []
2026-10-01 21:07:06 | INFO | P06-JAYLEN-BROWN | ESPN columns received: []
2026-10-01 21:07:06 | INFO | P06-JAYLEN-BROWN | ESPN DataFrame shape: (0, 0)
2026-10-01 21:07:06 | INFO | P06-JAYLEN-BROWN | ESPN DataFrame preview:
Empty DataFrame
Columns: []
Index: []
2026-10-01 21:07:06 | INFO | P06-JAYLEN-BROWN | Data prepared successfully.
2026-10-01 21:07:06 | INFO | P06-JAYLEN-BROWN | -------------------------------
2026-10-01 21:07:06 | INFO | P06-JAYLEN-BROWN | 02. DECLARE the target and feature.
2026-10-01 21:07:06 | INFO | P06-JAYLEN-BROWN | -------------------------------
2026-10-01 21:07:06 | INFO | P06-JAYLEN-BROWN | Target:  points
2026-10-01 21:07:06 | INFO | P06-JAYLEN-BROWN | Feature: minutes
2026-10-01 21:07:06 | INFO | P06-JAYLEN-BROWN | 
I want to predict Jaylen Brown's points scored in a game.

I selected minutes played as the feature.

Minutes played provides a measurement of how much
opportunity Brown had to participate in the game.

A player who plays more minutes may have more
opportunities to score points.

Minutes played might therefore contain useful information
for predicting points scored.

I do not know yet how well minutes played will predict
points. The modeling process will provide evidence.

2026-10-01 21:07:06 | INFO | P06-JAYLEN-BROWN | -------------------------------
2026-10-01 21:07:06 | INFO | P06-JAYLEN-BROWN | 03. PREPARE the modeling data.
2026-10-01 21:07:06 | INFO | P06-JAYLEN-BROWN | -------------------------------
2026-10-01 21:10:12 | INFO | P06-JAYLEN-BROWN | === RUN START ===
2026-10-01 21:10:12 | INFO | P06-JAYLEN-BROWN | project=P06 - LINEAR REGRESSION - JAYLEN BROWN
2026-10-01 21:10:12 | INFO | P06-JAYLEN-BROWN | repo_dir=datafun-06-ml
2026-10-01 21:10:12 | INFO | P06-JAYLEN-BROWN | python=3.14.7
2026-10-01 21:10:12 | INFO | P06-JAYLEN-BROWN | os=Windows 11
2026-10-01 21:10:12 | INFO | P06-JAYLEN-BROWN | shell=powershell
2026-10-01 21:10:12 | INFO | P06-JAYLEN-BROWN | cwd=.
2026-10-01 21:10:12 | INFO | P06-JAYLEN-BROWN | github_actions=False
2026-10-01 21:10:12 | INFO | P06-JAYLEN-BROWN | ===================================
2026-10-01 21:10:12 | INFO | P06-JAYLEN-BROWN | START main()
2026-10-01 21:10:12 | INFO | P06-JAYLEN-BROWN | ===================================
2026-10-01 21:10:12 | INFO | P06-JAYLEN-BROWN | -------------------------------
2026-10-01 21:10:12 | INFO | P06-JAYLEN-BROWN | 01. OBSERVE the data.
2026-10-01 21:10:12 | INFO | P06-JAYLEN-BROWN | -------------------------------
2026-10-01 21:10:12 | INFO | P06-JAYLEN-BROWN | Requesting data from ESPN.
2026-10-01 21:10:12 | INFO | P06-JAYLEN-BROWN | ESPN data loaded successfully.
2026-10-01 21:10:12 | INFO | P06-JAYLEN-BROWN | Parsing ESPN game-log response.
2026-10-01 21:10:12 | INFO | P06-JAYLEN-BROWN | Top-level events type: dict
2026-10-01 21:10:12 | INFO | P06-JAYLEN-BROWN | Events dictionary keys: ['401869412', '401869410', '401869408', '401869406', '401869404', '401869396', '401869191', '401811029', '401811004', '401810987', '401810981', '401810961', '401810947', '401810909', '401810890', '401810874', '401810854', '401810841', '401810826', '401810814', '401810797', '401810776', '401810763', '401810749', '401810729', '401810714', '401810702', '401810678', '401810654', '401838143', '401838142', '401838141', '401810633', '401810612', '401810596', '401810576', '401810557', '401810528', '401810515', '401810502', '401810492', '401810476', '401809250', '401810449', '401810435', '401810400', '401810387', '401810375', '401810358', '401810348', '401810329', '401810314', '401810299', '401810281', '401810258', '401810236', '401836803', '401836747', '401810213', '401810193', '401810175', '401810157', '401810148', '401809802', '401810132', '401809791', '401810105', '401810088', '401810071', '401810064', '401810048', '401809510', '401810029', '401810013', '401810001', '401809503', '401809983', '401809972', '401809961', '401809945', '401809936', '401812723', '401812707', '401812688']
2026-10-01 21:10:12 | INFO | P06-JAYLEN-BROWN | Inspecting ESPN section: 401869412
2026-10-01 21:10:12 | INFO | P06-JAYLEN-BROWN | Inspecting ESPN section: 401869410
2026-10-01 21:10:12 | INFO | P06-JAYLEN-BROWN | Inspecting ESPN section: 401869408
2026-10-01 21:10:12 | INFO | P06-JAYLEN-BROWN | Inspecting ESPN section: 401869406
2026-10-01 21:10:12 | INFO | P06-JAYLEN-BROWN | Inspecting ESPN section: 401869404
2026-10-01 21:10:12 | INFO | P06-JAYLEN-BROWN | Inspecting ESPN section: 401869396
2026-10-01 21:10:12 | INFO | P06-JAYLEN-BROWN | Inspecting ESPN section: 401869191
2026-10-01 21:10:12 | INFO | P06-JAYLEN-BROWN | Inspecting ESPN section: 401811029
2026-10-01 21:10:12 | INFO | P06-JAYLEN-BROWN | Inspecting ESPN section: 401811004
2026-10-01 21:10:12 | INFO | P06-JAYLEN-BROWN | Inspecting ESPN section: 401810987
2026-10-01 21:10:12 | INFO | P06-JAYLEN-BROWN | Inspecting ESPN section: 401810981
2026-10-01 21:10:12 | INFO | P06-JAYLEN-BROWN | Inspecting ESPN section: 401810961
2026-10-01 21:10:12 | INFO | P06-JAYLEN-BROWN | Inspecting ESPN section: 401810947
2026-10-01 21:10:12 | INFO | P06-JAYLEN-BROWN | Inspecting ESPN section: 401810909
2026-10-01 21:10:12 | INFO | P06-JAYLEN-BROWN | Inspecting ESPN section: 401810890
2026-10-01 21:10:12 | INFO | P06-JAYLEN-BROWN | Inspecting ESPN section: 401810874
2026-10-01 21:10:12 | INFO | P06-JAYLEN-BROWN | Inspecting ESPN section: 401810854
2026-10-01 21:10:12 | INFO | P06-JAYLEN-BROWN | Inspecting ESPN section: 401810841
2026-10-01 21:10:12 | INFO | P06-JAYLEN-BROWN | Inspecting ESPN section: 401810826
2026-10-01 21:10:12 | INFO | P06-JAYLEN-BROWN | Inspecting ESPN section: 401810814
2026-10-01 21:10:12 | INFO | P06-JAYLEN-BROWN | Inspecting ESPN section: 401810797
2026-10-01 21:10:12 | INFO | P06-JAYLEN-BROWN | Inspecting ESPN section: 401810776
2026-10-01 21:10:12 | INFO | P06-JAYLEN-BROWN | Inspecting ESPN section: 401810763
2026-10-01 21:10:12 | INFO | P06-JAYLEN-BROWN | Inspecting ESPN section: 401810749
2026-10-01 21:10:12 | INFO | P06-JAYLEN-BROWN | Inspecting ESPN section: 401810729
2026-10-01 21:10:12 | INFO | P06-JAYLEN-BROWN | Inspecting ESPN section: 401810714
2026-10-01 21:10:12 | INFO | P06-JAYLEN-BROWN | Inspecting ESPN section: 401810702
2026-10-01 21:10:12 | INFO | P06-JAYLEN-BROWN | Inspecting ESPN section: 401810678
2026-10-01 21:10:12 | INFO | P06-JAYLEN-BROWN | Inspecting ESPN section: 401810654
2026-10-01 21:10:12 | INFO | P06-JAYLEN-BROWN | Inspecting ESPN section: 401838143
2026-10-01 21:10:12 | INFO | P06-JAYLEN-BROWN | Inspecting ESPN section: 401838142
2026-10-01 21:10:12 | INFO | P06-JAYLEN-BROWN | Inspecting ESPN section: 401838141
2026-10-01 21:10:12 | INFO | P06-JAYLEN-BROWN | Inspecting ESPN section: 401810633
2026-10-01 21:10:12 | INFO | P06-JAYLEN-BROWN | Inspecting ESPN section: 401810612
2026-10-01 21:10:12 | INFO | P06-JAYLEN-BROWN | Inspecting ESPN section: 401810596
2026-10-01 21:10:12 | INFO | P06-JAYLEN-BROWN | Inspecting ESPN section: 401810576
2026-10-01 21:10:12 | INFO | P06-JAYLEN-BROWN | Inspecting ESPN section: 401810557
2026-10-01 21:10:12 | INFO | P06-JAYLEN-BROWN | Inspecting ESPN section: 401810528
2026-10-01 21:10:12 | INFO | P06-JAYLEN-BROWN | Inspecting ESPN section: 401810515
2026-10-01 21:10:12 | INFO | P06-JAYLEN-BROWN | Inspecting ESPN section: 401810502
2026-10-01 21:10:12 | INFO | P06-JAYLEN-BROWN | Inspecting ESPN section: 401810492
2026-10-01 21:10:12 | INFO | P06-JAYLEN-BROWN | Inspecting ESPN section: 401810476
2026-10-01 21:10:12 | INFO | P06-JAYLEN-BROWN | Inspecting ESPN section: 401809250
2026-10-01 21:10:12 | INFO | P06-JAYLEN-BROWN | Inspecting ESPN section: 401810449
2026-10-01 21:10:12 | INFO | P06-JAYLEN-BROWN | Inspecting ESPN section: 401810435
2026-10-01 21:10:12 | INFO | P06-JAYLEN-BROWN | Inspecting ESPN section: 401810400
2026-10-01 21:10:12 | INFO | P06-JAYLEN-BROWN | Inspecting ESPN section: 401810387
2026-10-01 21:10:12 | INFO | P06-JAYLEN-BROWN | Inspecting ESPN section: 401810375
2026-10-01 21:10:12 | INFO | P06-JAYLEN-BROWN | Inspecting ESPN section: 401810358
2026-10-01 21:10:12 | INFO | P06-JAYLEN-BROWN | Inspecting ESPN section: 401810348
2026-10-01 21:10:12 | INFO | P06-JAYLEN-BROWN | Inspecting ESPN section: 401810329
2026-10-01 21:10:12 | INFO | P06-JAYLEN-BROWN | Inspecting ESPN section: 401810314
2026-10-01 21:10:12 | INFO | P06-JAYLEN-BROWN | Inspecting ESPN section: 401810299
2026-10-01 21:10:12 | INFO | P06-JAYLEN-BROWN | Inspecting ESPN section: 401810281
2026-10-01 21:10:12 | INFO | P06-JAYLEN-BROWN | Inspecting ESPN section: 401810258
2026-10-01 21:10:12 | INFO | P06-JAYLEN-BROWN | Inspecting ESPN section: 401810236
2026-10-01 21:10:12 | INFO | P06-JAYLEN-BROWN | Inspecting ESPN section: 401836803
2026-10-01 21:10:12 | INFO | P06-JAYLEN-BROWN | Inspecting ESPN section: 401836747
2026-10-01 21:10:12 | INFO | P06-JAYLEN-BROWN | Inspecting ESPN section: 401810213
2026-10-01 21:10:12 | INFO | P06-JAYLEN-BROWN | Inspecting ESPN section: 401810193
2026-10-01 21:10:12 | INFO | P06-JAYLEN-BROWN | Inspecting ESPN section: 401810175
2026-10-01 21:10:12 | INFO | P06-JAYLEN-BROWN | Inspecting ESPN section: 401810157
2026-10-01 21:10:12 | INFO | P06-JAYLEN-BROWN | Inspecting ESPN section: 401810148
2026-10-01 21:10:12 | INFO | P06-JAYLEN-BROWN | Inspecting ESPN section: 401809802
2026-10-01 21:10:12 | INFO | P06-JAYLEN-BROWN | Inspecting ESPN section: 401810132
2026-10-01 21:10:12 | INFO | P06-JAYLEN-BROWN | Inspecting ESPN section: 401809791
2026-10-01 21:10:12 | INFO | P06-JAYLEN-BROWN | Inspecting ESPN section: 401810105
2026-10-01 21:10:12 | INFO | P06-JAYLEN-BROWN | Inspecting ESPN section: 401810088
2026-10-01 21:10:12 | INFO | P06-JAYLEN-BROWN | Inspecting ESPN section: 401810071
2026-10-01 21:10:12 | INFO | P06-JAYLEN-BROWN | Inspecting ESPN section: 401810064
2026-10-01 21:10:12 | INFO | P06-JAYLEN-BROWN | Inspecting ESPN section: 401810048
2026-10-01 21:10:12 | INFO | P06-JAYLEN-BROWN | Inspecting ESPN section: 401809510
2026-10-01 21:10:12 | INFO | P06-JAYLEN-BROWN | Inspecting ESPN section: 401810029
2026-10-01 21:10:12 | INFO | P06-JAYLEN-BROWN | Inspecting ESPN section: 401810013
2026-10-01 21:10:12 | INFO | P06-JAYLEN-BROWN | Inspecting ESPN section: 401810001
2026-10-01 21:10:12 | INFO | P06-JAYLEN-BROWN | Inspecting ESPN section: 401809503
2026-10-01 21:10:12 | INFO | P06-JAYLEN-BROWN | Inspecting ESPN section: 401809983
2026-10-01 21:10:12 | INFO | P06-JAYLEN-BROWN | Inspecting ESPN section: 401809972
2026-10-01 21:10:12 | INFO | P06-JAYLEN-BROWN | Inspecting ESPN section: 401809961
2026-10-01 21:10:12 | INFO | P06-JAYLEN-BROWN | Inspecting ESPN section: 401809945
2026-10-01 21:10:12 | INFO | P06-JAYLEN-BROWN | Inspecting ESPN section: 401809936
2026-10-01 21:10:12 | INFO | P06-JAYLEN-BROWN | Inspecting ESPN section: 401812723
2026-10-01 21:10:12 | INFO | P06-JAYLEN-BROWN | Inspecting ESPN section: 401812707
2026-10-01 21:10:12 | INFO | P06-JAYLEN-BROWN | Inspecting ESPN section: 401812688
2026-10-01 21:10:12 | INFO | P06-JAYLEN-BROWN | Parsed ESPN rows: 0
2026-10-01 21:10:12 | INFO | P06-JAYLEN-BROWN | Parsed ESPN columns: []
2026-10-01 21:10:12 | INFO | P06-JAYLEN-BROWN | Grain: one Jaylen Brown game
2026-10-01 21:10:12 | INFO | P06-JAYLEN-BROWN | Rows: 0
2026-10-01 21:10:12 | INFO | P06-JAYLEN-BROWN | Columns: 0
2026-10-01 21:10:12 | INFO | P06-JAYLEN-BROWN | Column names: []
2026-10-01 21:10:12 | INFO | P06-JAYLEN-BROWN | ESPN columns received: []
2026-10-01 21:10:12 | INFO | P06-JAYLEN-BROWN | ESPN DataFrame shape: (0, 0)
2026-10-01 21:10:12 | INFO | P06-JAYLEN-BROWN | ESPN DataFrame preview:
Empty DataFrame
Columns: []
Index: []
2026-10-01 21:10:12 | INFO | P06-JAYLEN-BROWN | Data prepared successfully.
2026-10-01 21:10:12 | INFO | P06-JAYLEN-BROWN | -------------------------------
2026-10-01 21:10:12 | INFO | P06-JAYLEN-BROWN | 02. DECLARE the target and feature.
2026-10-01 21:10:12 | INFO | P06-JAYLEN-BROWN | -------------------------------
2026-10-01 21:10:12 | INFO | P06-JAYLEN-BROWN | Target:  points
2026-10-01 21:10:12 | INFO | P06-JAYLEN-BROWN | Feature: minutes
2026-10-01 21:10:12 | INFO | P06-JAYLEN-BROWN | 
I want to predict Jaylen Brown's points scored in a game.

I selected minutes played as the feature.

Minutes played provides a measurement of how much
opportunity Brown had to participate in the game.

A player who plays more minutes may have more
opportunities to score points.

Minutes played might therefore contain useful information
for predicting points scored.

I do not know yet how well minutes played will predict
points. The modeling process will provide evidence.

2026-10-01 21:10:12 | INFO | P06-JAYLEN-BROWN | -------------------------------
2026-10-01 21:10:12 | INFO | P06-JAYLEN-BROWN | 03. PREPARE the modeling data.
2026-10-01 21:10:12 | INFO | P06-JAYLEN-BROWN | -------------------------------
2026-10-01 21:10:12 | INFO | P06-JAYLEN-BROWN | Columns available before modeling: []
2026-10-01 21:10:12 | INFO | P06-JAYLEN-BROWN | Original rows: 0
2026-10-01 21:10:12 | INFO | P06-JAYLEN-BROWN | Modeling rows: 0
2026-10-01 21:10:12 | INFO | P06-JAYLEN-BROWN | Rows dropped: 0
2026-10-01 21:12:03 | INFO | P06-JAYLEN-BROWN | === RUN START ===
2026-10-01 21:12:03 | INFO | P06-JAYLEN-BROWN | project=P06 - LINEAR REGRESSION - JAYLEN BROWN
2026-10-01 21:12:03 | INFO | P06-JAYLEN-BROWN | repo_dir=datafun-06-ml
2026-10-01 21:12:03 | INFO | P06-JAYLEN-BROWN | python=3.14.7
2026-10-01 21:12:03 | INFO | P06-JAYLEN-BROWN | os=Windows 11
2026-10-01 21:12:03 | INFO | P06-JAYLEN-BROWN | shell=powershell
2026-10-01 21:12:03 | INFO | P06-JAYLEN-BROWN | cwd=.
2026-10-01 21:12:03 | INFO | P06-JAYLEN-BROWN | github_actions=False
2026-10-01 21:12:03 | INFO | P06-JAYLEN-BROWN | ===================================
2026-10-01 21:12:03 | INFO | P06-JAYLEN-BROWN | START main()
2026-10-01 21:12:03 | INFO | P06-JAYLEN-BROWN | ===================================
2026-10-01 21:12:03 | INFO | P06-JAYLEN-BROWN | -------------------------------
2026-10-01 21:12:03 | INFO | P06-JAYLEN-BROWN | 01. OBSERVE the data.
2026-10-01 21:12:03 | INFO | P06-JAYLEN-BROWN | -------------------------------
2026-10-01 21:12:03 | INFO | P06-JAYLEN-BROWN | Requesting data from ESPN.
2026-10-01 21:12:03 | INFO | P06-JAYLEN-BROWN | ESPN data loaded successfully.
2026-10-01 21:12:03 | INFO | P06-JAYLEN-BROWN | Parsing ESPN game-log response.
2026-10-01 21:12:03 | INFO | P06-JAYLEN-BROWN | Top-level events type: dict
2026-10-01 21:12:03 | INFO | P06-JAYLEN-BROWN | Events dictionary keys: ['401869412', '401869410', '401869408', '401869406', '401869404', '401869396', '401869191', '401811029', '401811004', '401810987', '401810981', '401810961', '401810947', '401810909', '401810890', '401810874', '401810854', '401810841', '401810826', '401810814', '401810797', '401810776', '401810763', '401810749', '401810729', '401810714', '401810702', '401810678', '401810654', '401838143', '401838142', '401838141', '401810633', '401810612', '401810596', '401810576', '401810557', '401810528', '401810515', '401810502', '401810492', '401810476', '401809250', '401810449', '401810435', '401810400', '401810387', '401810375', '401810358', '401810348', '401810329', '401810314', '401810299', '401810281', '401810258', '401810236', '401836803', '401836747', '401810213', '401810193', '401810175', '401810157', '401810148', '401809802', '401810132', '401809791', '401810105', '401810088', '401810071', '401810064', '401810048', '401809510', '401810029', '401810013', '401810001', '401809503', '401809983', '401809972', '401809961', '401809945', '401809936', '401812723', '401812707', '401812688']
2026-10-01 21:12:03 | INFO | P06-JAYLEN-BROWN | Inspecting ESPN section: 401869412
2026-10-01 21:12:03 | INFO | P06-JAYLEN-BROWN | Inspecting ESPN section: 401869410
2026-10-01 21:12:03 | INFO | P06-JAYLEN-BROWN | Inspecting ESPN section: 401869408
2026-10-01 21:12:03 | INFO | P06-JAYLEN-BROWN | Inspecting ESPN section: 401869406
2026-10-01 21:12:03 | INFO | P06-JAYLEN-BROWN | Inspecting ESPN section: 401869404
2026-10-01 21:12:03 | INFO | P06-JAYLEN-BROWN | Inspecting ESPN section: 401869396
2026-10-01 21:12:03 | INFO | P06-JAYLEN-BROWN | Inspecting ESPN section: 401869191
2026-10-01 21:12:03 | INFO | P06-JAYLEN-BROWN | Inspecting ESPN section: 401811029
2026-10-01 21:12:03 | INFO | P06-JAYLEN-BROWN | Inspecting ESPN section: 401811004
2026-10-01 21:12:03 | INFO | P06-JAYLEN-BROWN | Inspecting ESPN section: 401810987
2026-10-01 21:12:03 | INFO | P06-JAYLEN-BROWN | Inspecting ESPN section: 401810981
2026-10-01 21:12:03 | INFO | P06-JAYLEN-BROWN | Inspecting ESPN section: 401810961
2026-10-01 21:12:03 | INFO | P06-JAYLEN-BROWN | Inspecting ESPN section: 401810947
2026-10-01 21:12:03 | INFO | P06-JAYLEN-BROWN | Inspecting ESPN section: 401810909
2026-10-01 21:12:03 | INFO | P06-JAYLEN-BROWN | Inspecting ESPN section: 401810890
2026-10-01 21:12:03 | INFO | P06-JAYLEN-BROWN | Inspecting ESPN section: 401810874
2026-10-01 21:12:03 | INFO | P06-JAYLEN-BROWN | Inspecting ESPN section: 401810854
2026-10-01 21:12:03 | INFO | P06-JAYLEN-BROWN | Inspecting ESPN section: 401810841
2026-10-01 21:12:03 | INFO | P06-JAYLEN-BROWN | Inspecting ESPN section: 401810826
2026-10-01 21:12:03 | INFO | P06-JAYLEN-BROWN | Inspecting ESPN section: 401810814
2026-10-01 21:12:03 | INFO | P06-JAYLEN-BROWN | Inspecting ESPN section: 401810797
2026-10-01 21:12:03 | INFO | P06-JAYLEN-BROWN | Inspecting ESPN section: 401810776
2026-10-01 21:12:03 | INFO | P06-JAYLEN-BROWN | Inspecting ESPN section: 401810763
2026-10-01 21:12:03 | INFO | P06-JAYLEN-BROWN | Inspecting ESPN section: 401810749
2026-10-01 21:12:03 | INFO | P06-JAYLEN-BROWN | Inspecting ESPN section: 401810729
2026-10-01 21:12:03 | INFO | P06-JAYLEN-BROWN | Inspecting ESPN section: 401810714
2026-10-01 21:12:03 | INFO | P06-JAYLEN-BROWN | Inspecting ESPN section: 401810702
2026-10-01 21:12:03 | INFO | P06-JAYLEN-BROWN | Inspecting ESPN section: 401810678
2026-10-01 21:12:03 | INFO | P06-JAYLEN-BROWN | Inspecting ESPN section: 401810654
2026-10-01 21:12:03 | INFO | P06-JAYLEN-BROWN | Inspecting ESPN section: 401838143
2026-10-01 21:12:03 | INFO | P06-JAYLEN-BROWN | Inspecting ESPN section: 401838142
2026-10-01 21:12:03 | INFO | P06-JAYLEN-BROWN | Inspecting ESPN section: 401838141
2026-10-01 21:12:03 | INFO | P06-JAYLEN-BROWN | Inspecting ESPN section: 401810633
2026-10-01 21:12:03 | INFO | P06-JAYLEN-BROWN | Inspecting ESPN section: 401810612
2026-10-01 21:12:03 | INFO | P06-JAYLEN-BROWN | Inspecting ESPN section: 401810596
2026-10-01 21:12:03 | INFO | P06-JAYLEN-BROWN | Inspecting ESPN section: 401810576
2026-10-01 21:12:03 | INFO | P06-JAYLEN-BROWN | Inspecting ESPN section: 401810557
2026-10-01 21:12:03 | INFO | P06-JAYLEN-BROWN | Inspecting ESPN section: 401810528
2026-10-01 21:12:03 | INFO | P06-JAYLEN-BROWN | Inspecting ESPN section: 401810515
2026-10-01 21:12:03 | INFO | P06-JAYLEN-BROWN | Inspecting ESPN section: 401810502
2026-10-01 21:12:03 | INFO | P06-JAYLEN-BROWN | Inspecting ESPN section: 401810492
2026-10-01 21:12:03 | INFO | P06-JAYLEN-BROWN | Inspecting ESPN section: 401810476
2026-10-01 21:12:03 | INFO | P06-JAYLEN-BROWN | Inspecting ESPN section: 401809250
2026-10-01 21:12:03 | INFO | P06-JAYLEN-BROWN | Inspecting ESPN section: 401810449
2026-10-01 21:12:03 | INFO | P06-JAYLEN-BROWN | Inspecting ESPN section: 401810435
2026-10-01 21:12:03 | INFO | P06-JAYLEN-BROWN | Inspecting ESPN section: 401810400
2026-10-01 21:12:03 | INFO | P06-JAYLEN-BROWN | Inspecting ESPN section: 401810387
2026-10-01 21:12:03 | INFO | P06-JAYLEN-BROWN | Inspecting ESPN section: 401810375
2026-10-01 21:12:03 | INFO | P06-JAYLEN-BROWN | Inspecting ESPN section: 401810358
2026-10-01 21:12:03 | INFO | P06-JAYLEN-BROWN | Inspecting ESPN section: 401810348
2026-10-01 21:12:03 | INFO | P06-JAYLEN-BROWN | Inspecting ESPN section: 401810329
2026-10-01 21:12:03 | INFO | P06-JAYLEN-BROWN | Inspecting ESPN section: 401810314
2026-10-01 21:12:03 | INFO | P06-JAYLEN-BROWN | Inspecting ESPN section: 401810299
2026-10-01 21:12:03 | INFO | P06-JAYLEN-BROWN | Inspecting ESPN section: 401810281
2026-10-01 21:12:03 | INFO | P06-JAYLEN-BROWN | Inspecting ESPN section: 401810258
2026-10-01 21:12:03 | INFO | P06-JAYLEN-BROWN | Inspecting ESPN section: 401810236
2026-10-01 21:12:03 | INFO | P06-JAYLEN-BROWN | Inspecting ESPN section: 401836803
2026-10-01 21:12:03 | INFO | P06-JAYLEN-BROWN | Inspecting ESPN section: 401836747
2026-10-01 21:12:03 | INFO | P06-JAYLEN-BROWN | Inspecting ESPN section: 401810213
2026-10-01 21:12:03 | INFO | P06-JAYLEN-BROWN | Inspecting ESPN section: 401810193
2026-10-01 21:12:03 | INFO | P06-JAYLEN-BROWN | Inspecting ESPN section: 401810175
2026-10-01 21:12:03 | INFO | P06-JAYLEN-BROWN | Inspecting ESPN section: 401810157
2026-10-01 21:12:03 | INFO | P06-JAYLEN-BROWN | Inspecting ESPN section: 401810148
2026-10-01 21:12:03 | INFO | P06-JAYLEN-BROWN | Inspecting ESPN section: 401809802
2026-10-01 21:12:03 | INFO | P06-JAYLEN-BROWN | Inspecting ESPN section: 401810132
2026-10-01 21:12:03 | INFO | P06-JAYLEN-BROWN | Inspecting ESPN section: 401809791
2026-10-01 21:12:03 | INFO | P06-JAYLEN-BROWN | Inspecting ESPN section: 401810105
2026-10-01 21:12:03 | INFO | P06-JAYLEN-BROWN | Inspecting ESPN section: 401810088
2026-10-01 21:12:03 | INFO | P06-JAYLEN-BROWN | Inspecting ESPN section: 401810071
2026-10-01 21:12:03 | INFO | P06-JAYLEN-BROWN | Inspecting ESPN section: 401810064
2026-10-01 21:12:03 | INFO | P06-JAYLEN-BROWN | Inspecting ESPN section: 401810048
2026-10-01 21:12:03 | INFO | P06-JAYLEN-BROWN | Inspecting ESPN section: 401809510
2026-10-01 21:12:03 | INFO | P06-JAYLEN-BROWN | Inspecting ESPN section: 401810029
2026-10-01 21:12:03 | INFO | P06-JAYLEN-BROWN | Inspecting ESPN section: 401810013
2026-10-01 21:12:03 | INFO | P06-JAYLEN-BROWN | Inspecting ESPN section: 401810001
2026-10-01 21:12:03 | INFO | P06-JAYLEN-BROWN | Inspecting ESPN section: 401809503
2026-10-01 21:12:03 | INFO | P06-JAYLEN-BROWN | Inspecting ESPN section: 401809983
2026-10-01 21:12:03 | INFO | P06-JAYLEN-BROWN | Inspecting ESPN section: 401809972
2026-10-01 21:12:03 | INFO | P06-JAYLEN-BROWN | Inspecting ESPN section: 401809961
2026-10-01 21:12:03 | INFO | P06-JAYLEN-BROWN | Inspecting ESPN section: 401809945
2026-10-01 21:12:03 | INFO | P06-JAYLEN-BROWN | Inspecting ESPN section: 401809936
2026-10-01 21:12:03 | INFO | P06-JAYLEN-BROWN | Inspecting ESPN section: 401812723
2026-10-01 21:12:03 | INFO | P06-JAYLEN-BROWN | Inspecting ESPN section: 401812707
2026-10-01 21:12:03 | INFO | P06-JAYLEN-BROWN | Inspecting ESPN section: 401812688
2026-10-01 21:12:03 | INFO | P06-JAYLEN-BROWN | Parsed ESPN rows: 0
2026-10-01 21:12:03 | INFO | P06-JAYLEN-BROWN | Parsed ESPN columns: []
2026-10-01 21:12:03 | INFO | P06-JAYLEN-BROWN | Grain: one Jaylen Brown game
2026-10-01 21:12:03 | INFO | P06-JAYLEN-BROWN | Rows: 0
2026-10-01 21:12:03 | INFO | P06-JAYLEN-BROWN | Columns: 0
2026-10-01 21:12:03 | INFO | P06-JAYLEN-BROWN | Column names: []
2026-10-01 21:12:03 | INFO | P06-JAYLEN-BROWN | ESPN columns received: []
2026-10-01 21:12:03 | INFO | P06-JAYLEN-BROWN | ESPN DataFrame shape: (0, 0)
2026-10-01 21:12:03 | INFO | P06-JAYLEN-BROWN | ESPN DataFrame preview:
Empty DataFrame
Columns: []
Index: []
2026-10-01 21:12:03 | INFO | P06-JAYLEN-BROWN | Minutes source column: None
2026-10-01 21:12:03 | INFO | P06-JAYLEN-BROWN | Points source column: None
2026-10-05 17:52:17 | INFO | P06-AB-NYC-2019 | === RUN START ===
2026-10-05 17:52:17 | INFO | P06-AB-NYC-2019 | project=P06 - LINEAR REGRESSION - AIRBNB NYC
2026-10-05 17:52:17 | INFO | P06-AB-NYC-2019 | repo_dir=datafun-07-final
2026-10-05 17:52:17 | INFO | P06-AB-NYC-2019 | python=3.14.7
2026-10-05 17:52:17 | INFO | P06-AB-NYC-2019 | os=Windows 11
2026-10-05 17:52:17 | INFO | P06-AB-NYC-2019 | shell=powershell
2026-10-05 17:52:17 | INFO | P06-AB-NYC-2019 | cwd=.
2026-10-05 17:52:17 | INFO | P06-AB-NYC-2019 | github_actions=False
2026-10-05 17:52:17 | INFO | P06-AB-NYC-2019 | ===================================
2026-10-05 17:52:17 | INFO | P06-AB-NYC-2019 | START main()
2026-10-05 17:52:17 | INFO | P06-AB-NYC-2019 | ===================================
2026-10-05 17:52:17 | INFO | P06-AB-NYC-2019 | -------------------------------
2026-10-05 17:52:17 | INFO | P06-AB-NYC-2019 | 01. OBSERVE the data.
2026-10-05 17:52:17 | INFO | P06-AB-NYC-2019 | -------------------------------
2026-10-05 17:52:17 | INFO | P06-AB-NYC-2019 | data file = data\raw\AB_NYC_2019.csv
2026-10-05 17:52:17 | INFO | P06-AB-NYC-2019 | Data loaded successfully.
2026-10-05 17:52:17 | INFO | P06-AB-NYC-2019 | Grain: one Airbnb listing
2026-10-05 17:52:17 | INFO | P06-AB-NYC-2019 | Rows: 48895
2026-10-05 17:52:17 | INFO | P06-AB-NYC-2019 | Columns: 16
2026-10-05 17:52:17 | INFO | P06-AB-NYC-2019 | Column names: ['id', 'name', 'host_id', 'host_name', 'neighbourhood_group', 'neighbourhood', 'latitude', 'longitude', 'room_type', 'price', 'minimum_nights', 'number_of_reviews', 'last_review', 'reviews_per_month', 'calculated_host_listings_count', 'availability_365']
2026-10-05 17:52:17 | INFO | P06-AB-NYC-2019 | -------------------------------
2026-10-05 17:52:17 | INFO | P06-AB-NYC-2019 | 02. DECLARE the target and feature.
2026-10-05 17:52:17 | INFO | P06-AB-NYC-2019 | -------------------------------
2026-10-05 17:52:17 | INFO | P06-AB-NYC-2019 | Target:  price
2026-10-05 17:52:17 | INFO | P06-AB-NYC-2019 | Feature: availability_365
2026-10-05 17:52:17 | INFO | P06-AB-NYC-2019 | 
I want to predict Airbnb listing price.

I selected availability_365 as the feature.

Availability_365 represents the number of days a listing
is available during a year. It is a numeric feature that
can be used directly by a LinearRegression model.

Availability may contain useful information about listing
price because listings with different availability patterns
may have different pricing strategies.

I do not know yet how well availability_365 will predict
listing prices. The modeling process will provide evidence.

2026-10-05 17:52:17 | INFO | P06-AB-NYC-2019 | -------------------------------
2026-10-05 17:52:17 | INFO | P06-AB-NYC-2019 | 03. PREPARE the modeling data.
2026-10-05 17:52:17 | INFO | P06-AB-NYC-2019 | -------------------------------
2026-10-05 17:52:17 | INFO | P06-AB-NYC-2019 | Original rows: 48895
2026-10-05 17:52:17 | INFO | P06-AB-NYC-2019 | Modeling rows: 48895
2026-10-05 17:52:17 | INFO | P06-AB-NYC-2019 | Rows dropped: 0
2026-10-05 17:52:17 | INFO | P06-AB-NYC-2019 | X shape: (48895, 1)
2026-10-05 17:52:17 | INFO | P06-AB-NYC-2019 | y shape: (48895,)
2026-10-05 17:52:17 | INFO | P06-AB-NYC-2019 | -------------------------------
2026-10-05 17:52:17 | INFO | P06-AB-NYC-2019 | 04. SPLIT into training and test data.
2026-10-05 17:52:17 | INFO | P06-AB-NYC-2019 | -------------------------------
2026-10-05 17:52:17 | INFO | P06-AB-NYC-2019 | 
I will use 80% of the modeling rows for training
and hold back 20% for testing.

I want most of the available data to be available
for learning the model while keeping a separate
set of observations that the model did not see
during training.

The test rows will be used to evaluate how the
trained model performs on unseen observations.

I will use a random seed of 42 so the split is
reproducible.

2026-10-05 17:52:17 | INFO | P06-AB-NYC-2019 | Training rows: 39116
2026-10-05 17:52:17 | INFO | P06-AB-NYC-2019 | Test rows: 9779
2026-10-05 17:52:17 | INFO | P06-AB-NYC-2019 | -------------------------------
2026-10-05 17:52:17 | INFO | P06-AB-NYC-2019 | 05. BASELINE with a simple reference model.
2026-10-05 17:52:17 | INFO | P06-AB-NYC-2019 | -------------------------------
2026-10-05 17:52:17 | INFO | P06-AB-NYC-2019 | 
Before evaluating the LinearRegression model,
I need a simple baseline for comparison.

The baseline will ignore square footage and predict
the average home price from the training data for
every test observation.

A useful predictive model should improve on this
simple reference prediction.

2026-10-05 17:52:17 | INFO | P06-AB-NYC-2019 | Baseline strategy: mean
2026-10-05 17:52:17 | INFO | P06-AB-NYC-2019 | Baseline RMSE: 210.39
2026-10-05 17:52:17 | INFO | P06-AB-NYC-2019 | Baseline R-squared: -0.001
2026-10-05 17:52:17 | INFO | P06-AB-NYC-2019 | -------------------------------
2026-10-05 17:52:17 | INFO | P06-AB-NYC-2019 | 06. TRAIN a LinearRegression model.
2026-10-05 17:52:17 | INFO | P06-AB-NYC-2019 | -------------------------------
2026-10-05 17:52:17 | INFO | P06-AB-NYC-2019 | 
I will use LinearRegression.

Linear regression fits a straight-line relationship
between square footage and home price.

This provides a simple and interpretable model
that can be compared with the baseline.

Fitting a line does not prove that a straight-line
relationship is a good description of home prices.

The evaluation metrics and residual plot will help
assess whether the model is useful.

2026-10-05 17:52:17 | INFO | P06-AB-NYC-2019 | The model learned this line:
2026-10-05 17:52:17 | INFO | P06-AB-NYC-2019 | price = 0.150947 * availability_365 + 136.627
2026-10-05 17:52:17 | INFO | P06-AB-NYC-2019 | -------------------------------
2026-10-05 17:52:17 | INFO | P06-AB-NYC-2019 | 07. PREDICT on X_test.
2026-10-05 17:52:17 | INFO | P06-AB-NYC-2019 | -------------------------------
2026-10-05 17:52:17 | INFO | P06-AB-NYC-2019 | Predictions created: 9779
2026-10-05 17:52:17 | INFO | P06-AB-NYC-2019 | -------------------------------
2026-10-05 17:52:17 | INFO | P06-AB-NYC-2019 | 08. EVALUATE baseline vs model on y_test.
2026-10-05 17:52:17 | INFO | P06-AB-NYC-2019 | -------------------------------
2026-10-05 17:52:17 | INFO | P06-AB-NYC-2019 | BASELINE RESULTS
2026-10-05 17:52:17 | INFO | P06-AB-NYC-2019 | RMSE:      210.39
2026-10-05 17:52:17 | INFO | P06-AB-NYC-2019 | R-squared: -0.001
2026-10-05 17:52:17 | INFO | P06-AB-NYC-2019 | LINEAR REGRESSION RESULTS
2026-10-05 17:52:17 | INFO | P06-AB-NYC-2019 | RMSE:      209.56
2026-10-05 17:52:17 | INFO | P06-AB-NYC-2019 | R-squared: 0.007
2026-10-05 17:52:17 | INFO | P06-AB-NYC-2019 | -------------------------------
2026-10-05 17:52:17 | INFO | P06-AB-NYC-2019 | 09. VISUALIZE predictions and residuals.
2026-10-05 17:52:17 | INFO | P06-AB-NYC-2019 | -------------------------------
2026-10-05 17:52:17 | INFO | P06-AB-NYC-2019 | Chart saved successfully at docs\images\ab-nyc-2019-regression-predictions.png.
2026-10-05 17:52:17 | INFO | P06-AB-NYC-2019 | Chart saved successfully at docs\images\ab-nyc-2019-regression-residuals.png.
2026-10-05 17:52:17 | INFO | P06-AB-NYC-2019 | -------------------------------
2026-10-05 17:52:17 | INFO | P06-AB-NYC-2019 | 10. ASSESS the results.
2026-10-05 17:52:17 | INFO | P06-AB-NYC-2019 | -------------------------------
2026-10-05 17:52:17 | INFO | P06-AB-NYC-2019 | CUSTOM OBSERVATIONS:

I used availability_365 to predict Airbnb listing prices.

The baseline RMSE was 210.39.

The LinearRegression RMSE was 209.56.

Compared with the baseline, the LinearRegression model
had an RMSE difference of -0.83.

The model R-squared was 0.007.

A lower RMSE indicates smaller prediction errors, while
an R-squared value closer to 1 indicates that the feature
explains more variation in the target.

In the residual plot, I can look for patterns or large
errors that suggest availability_365 alone does not fully
explain Airbnb listing prices.

Based on this evidence, I can determine whether
availability_365 is a useful single-feature predictor.

Next, I would like to try another feature such as
minimum_nights, number_of_reviews, or calculated_host_listings_count.

2026-10-05 17:52:17 | INFO | P06-AB-NYC-2019 | ===================================
2026-10-05 17:52:17 | INFO | P06-AB-NYC-2019 | END main() - Executed successfully!
2026-10-05 17:52:17 | INFO | P06-AB-NYC-2019 | ===================================
2026-10-05 18:02:17 | INFO | P06-AB-NYC-2019 | Loading data from data\raw\AB_NYC_2019.csv
2026-10-05 18:02:17 | INFO | P06-AB-NYC-2019 | Loaded 48895 rows and 16 columns.
2026-10-05 18:02:17 | INFO | P06-AB-NYC-2019 | Preparing data for modeling.
2026-10-05 18:02:17 | INFO | P06-AB-NYC-2019 | Rows after removing missing values: 48895
2026-10-05 18:02:17 | INFO | P06-AB-NYC-2019 | Price Q1: 69.00
2026-10-05 18:02:17 | INFO | P06-AB-NYC-2019 | Price Q3: 175.00
2026-10-05 18:02:17 | INFO | P06-AB-NYC-2019 | Price IQR: 106.00
2026-10-05 18:02:17 | INFO | P06-AB-NYC-2019 | Lower price bound: -90.00
2026-10-05 18:02:17 | INFO | P06-AB-NYC-2019 | Upper price bound: 334.00
2026-10-05 18:02:17 | INFO | P06-AB-NYC-2019 | Removed 2972 price outliers using the IQR method.
2026-10-05 18:02:17 | INFO | P06-AB-NYC-2019 | Rows remaining after outlier removal: 45923
2026-10-05 18:02:17 | INFO | P06-AB-NYC-2019 | Training rows: 36738
2026-10-05 18:02:17 | INFO | P06-AB-NYC-2019 | Testing rows: 9185
2026-10-05 18:02:17 | INFO | P06-AB-NYC-2019 | Training baseline model.
2026-10-05 18:02:17 | INFO | P06-AB-NYC-2019 | Baseline RMSE: 68.25
2026-10-05 18:02:17 | INFO | P06-AB-NYC-2019 | Baseline R²: -0.0000
2026-10-05 18:02:17 | INFO | P06-AB-NYC-2019 | Training linear regression model.
2026-10-05 18:02:17 | INFO | P06-AB-NYC-2019 | -------------------------------
2026-10-05 18:02:17 | INFO | P06-AB-NYC-2019 | The model learned this line:
2026-10-05 18:02:17 | INFO | P06-AB-NYC-2019 | price = 0.04 * availability_365 + 116.03
2026-10-05 18:02:17 | INFO | P06-AB-NYC-2019 | -------------------------------
2026-10-05 18:02:17 | INFO | P06-AB-NYC-2019 | Linear regression RMSE: 68.12
2026-10-05 18:02:17 | INFO | P06-AB-NYC-2019 | Linear regression R²: 0.0040
2026-10-05 18:02:17 | INFO | P06-AB-NYC-2019 | Creating prediction chart.
2026-10-05 18:02:17 | INFO | P06-AB-NYC-2019 | Saved prediction chart to docs\images\ab_nyc_2019_prediction.png
2026-10-05 18:02:17 | INFO | P06-AB-NYC-2019 | Creating residual chart.
2026-10-05 18:02:17 | INFO | P06-AB-NYC-2019 | Saved residual chart to docs\images\ab_nyc_2019_residuals.png
2026-10-05 18:02:17 | INFO | P06-AB-NYC-2019 | ===============================
2026-10-05 18:02:17 | INFO | P06-AB-NYC-2019 | FINAL MODEL ASSESSMENT
2026-10-05 18:02:17 | INFO | P06-AB-NYC-2019 | ===============================
2026-10-05 18:02:17 | INFO | P06-AB-NYC-2019 | Baseline RMSE: 68.25
2026-10-05 18:02:17 | INFO | P06-AB-NYC-2019 | Linear Regression RMSE: 68.12
2026-10-05 18:02:17 | INFO | P06-AB-NYC-2019 | Baseline R²: -0.0000
2026-10-05 18:02:17 | INFO | P06-AB-NYC-2019 | Linear Regression R²: 0.0040
2026-10-05 18:02:17 | INFO | P06-AB-NYC-2019 | The linear regression model improved upon the baseline RMSE.
2026-10-05 18:02:17 | INFO | P06-AB-NYC-2019 | The model predicts Airbnb listing price using availability_365 as the explanatory variable.
2026-10-05 18:02:17 | INFO | P06-AB-NYC-2019 | Removing price outliers using the IQR method helps reduce the influence of unusually expensive listings.
2026-10-05 18:02:17 | INFO | P06-AB-NYC-2019 | Additional features such as room type, location, minimum nights, number of reviews, and reviews per month could improve the model.
2026-10-05 18:02:17 | INFO | P06-AB-NYC-2019 | ===============================
2026-10-05 18:05:14 | INFO | P06-AB-NYC-2019 | Loading data from data\raw\AB_NYC_2019.csv
2026-10-05 18:05:14 | INFO | P06-AB-NYC-2019 | Loaded 48895 rows and 16 columns.
2026-10-05 18:05:14 | INFO | P06-AB-NYC-2019 | Preparing data for modeling.
2026-10-05 18:05:14 | INFO | P06-AB-NYC-2019 | Rows after removing missing values: 48895
2026-10-05 18:05:14 | INFO | P06-AB-NYC-2019 | Price Q1: 69.00
2026-10-05 18:05:14 | INFO | P06-AB-NYC-2019 | Price Q3: 175.00
2026-10-05 18:05:14 | INFO | P06-AB-NYC-2019 | Price IQR: 106.00
2026-10-05 18:05:14 | INFO | P06-AB-NYC-2019 | Lower price bound: -90.00
2026-10-05 18:05:14 | INFO | P06-AB-NYC-2019 | Upper price bound: 334.00
2026-10-05 18:05:14 | INFO | P06-AB-NYC-2019 | Removed 2972 price outliers using the IQR method.
2026-10-05 18:05:14 | INFO | P06-AB-NYC-2019 | Rows remaining after outlier removal: 45923
2026-10-05 18:05:14 | INFO | P06-AB-NYC-2019 | Training rows: 36738
2026-10-05 18:05:14 | INFO | P06-AB-NYC-2019 | Testing rows: 9185
2026-10-05 18:05:14 | INFO | P06-AB-NYC-2019 | Training baseline model.
2026-10-05 18:05:14 | INFO | P06-AB-NYC-2019 | Baseline RMSE: 68.25
2026-10-05 18:05:14 | INFO | P06-AB-NYC-2019 | Baseline R²: -0.0000
2026-10-05 18:05:14 | INFO | P06-AB-NYC-2019 | Training linear regression model.
2026-10-05 18:05:14 | INFO | P06-AB-NYC-2019 | -------------------------------
2026-10-05 18:05:14 | INFO | P06-AB-NYC-2019 | The model learned this line:
2026-10-05 18:05:14 | INFO | P06-AB-NYC-2019 | price = 0.04 * availability_365 + 116.03
2026-10-05 18:05:14 | INFO | P06-AB-NYC-2019 | -------------------------------
2026-10-05 18:05:14 | INFO | P06-AB-NYC-2019 | Linear regression RMSE: 68.12
2026-10-05 18:05:14 | INFO | P06-AB-NYC-2019 | Linear regression R²: 0.0040
2026-10-05 18:05:14 | INFO | P06-AB-NYC-2019 | Creating prediction chart.
2026-10-05 18:05:14 | INFO | P06-AB-NYC-2019 | Saved prediction chart to docs\images\ab_nyc_2019_prediction.png
2026-10-05 18:05:14 | INFO | P06-AB-NYC-2019 | Creating residual chart.
2026-10-05 18:05:14 | INFO | P06-AB-NYC-2019 | Saved residual chart to docs\images\ab_nyc_2019_residuals.png
2026-10-05 18:05:14 | INFO | P06-AB-NYC-2019 | ===============================
2026-10-05 18:05:14 | INFO | P06-AB-NYC-2019 | FINAL MODEL ASSESSMENT
2026-10-05 18:05:14 | INFO | P06-AB-NYC-2019 | ===============================
2026-10-05 18:05:14 | INFO | P06-AB-NYC-2019 | Baseline RMSE: 68.25
2026-10-05 18:05:14 | INFO | P06-AB-NYC-2019 | Linear Regression RMSE: 68.12
2026-10-05 18:05:14 | INFO | P06-AB-NYC-2019 | Baseline R²: -0.0000
2026-10-05 18:05:14 | INFO | P06-AB-NYC-2019 | Linear Regression R²: 0.0040
2026-10-05 18:05:14 | INFO | P06-AB-NYC-2019 | The linear regression model improved upon the baseline RMSE.
2026-10-05 18:05:14 | INFO | P06-AB-NYC-2019 | The model predicts Airbnb listing price using availability_365 as the explanatory variable.
2026-10-05 18:05:14 | INFO | P06-AB-NYC-2019 | Removing price outliers using the IQR method helps reduce the influence of unusually expensive listings.
2026-10-05 18:05:14 | INFO | P06-AB-NYC-2019 | Additional features such as room type, location, minimum nights, number of reviews, and reviews per month could improve the model.
2026-10-05 18:05:14 | INFO | P06-AB-NYC-2019 | ===============================
2026-10-05 18:06:16 | INFO | P06-AB-NYC-2019 | === RUN START ===
2026-10-05 18:06:16 | INFO | P06-AB-NYC-2019 | project=P06 - LINEAR REGRESSION - AIRBNB NYC 2019
2026-10-05 18:06:16 | INFO | P06-AB-NYC-2019 | repo_dir=datafun-07-final
2026-10-05 18:06:16 | INFO | P06-AB-NYC-2019 | python=3.14.7
2026-10-05 18:06:16 | INFO | P06-AB-NYC-2019 | os=Windows 11
2026-10-05 18:06:16 | INFO | P06-AB-NYC-2019 | shell=powershell
2026-10-05 18:06:16 | INFO | P06-AB-NYC-2019 | cwd=.
2026-10-05 18:06:16 | INFO | P06-AB-NYC-2019 | github_actions=False
2026-10-05 18:06:16 | INFO | P06-AB-NYC-2019 | ===================================
2026-10-05 18:06:16 | INFO | P06-AB-NYC-2019 | START main()
2026-10-05 18:06:16 | INFO | P06-AB-NYC-2019 | ===================================
2026-10-05 18:06:16 | INFO | P06-AB-NYC-2019 | -------------------------------
2026-10-05 18:06:16 | INFO | P06-AB-NYC-2019 | 01. OBSERVE the data.
2026-10-05 18:06:16 | INFO | P06-AB-NYC-2019 | -------------------------------
2026-10-05 18:06:16 | INFO | P06-AB-NYC-2019 | data file = data\raw\AB_NYC_2019.csv
2026-10-05 18:06:16 | INFO | P06-AB-NYC-2019 | Data loaded successfully.
2026-10-05 18:06:16 | INFO | P06-AB-NYC-2019 | Grain: one Airbnb listing
2026-10-05 18:06:16 | INFO | P06-AB-NYC-2019 | Rows: 48895
2026-10-05 18:06:16 | INFO | P06-AB-NYC-2019 | Columns: 16
2026-10-05 18:06:16 | INFO | P06-AB-NYC-2019 | Column names: ['id', 'name', 'host_id', 'host_name', 'neighbourhood_group', 'neighbourhood', 'latitude', 'longitude', 'room_type', 'price', 'minimum_nights', 'number_of_reviews', 'last_review', 'reviews_per_month', 'calculated_host_listings_count', 'availability_365']
2026-10-05 18:06:16 | INFO | P06-AB-NYC-2019 | -------------------------------
2026-10-05 18:06:16 | INFO | P06-AB-NYC-2019 | 02. DECLARE the target and feature.
2026-10-05 18:06:16 | INFO | P06-AB-NYC-2019 | -------------------------------
2026-10-05 18:06:16 | INFO | P06-AB-NYC-2019 | Target:  price
2026-10-05 18:06:16 | INFO | P06-AB-NYC-2019 | Feature: availability_365
2026-10-05 18:06:16 | INFO | P06-AB-NYC-2019 | 
I want to predict Airbnb listing price.

I selected availability_365 as the feature.

The availability_365 column represents the number
of days a listing is available during the year.

Listings with different levels of availability may
have different pricing patterns.

Availability may therefore contain useful information
for predicting Airbnb listing prices.

I do not know yet how well availability will predict
Airbnb prices. The modeling process will provide evidence.

2026-10-05 18:06:16 | INFO | P06-AB-NYC-2019 | -------------------------------
2026-10-05 18:06:16 | INFO | P06-AB-NYC-2019 | 03. PREPARE the modeling data.
2026-10-05 18:06:16 | INFO | P06-AB-NYC-2019 | -------------------------------
2026-10-05 18:06:16 | INFO | P06-AB-NYC-2019 | Original rows: 48895
2026-10-05 18:06:16 | INFO | P06-AB-NYC-2019 | Rows dropped because of missing values: 0
2026-10-05 18:06:16 | INFO | P06-AB-NYC-2019 | -------------------------------
2026-10-05 18:06:16 | INFO | P06-AB-NYC-2019 | REMOVE PRICE OUTLIERS using the IQR method.
2026-10-05 18:06:16 | INFO | P06-AB-NYC-2019 | -------------------------------
2026-10-05 18:06:16 | INFO | P06-AB-NYC-2019 | 
The Airbnb dataset contains some unusually expensive
listings that may strongly influence a linear regression
model.

I will use the interquartile range (IQR) method to
identify unusually high or low prices.

Values below Q1 - 1.5 * IQR or above Q3 + 1.5 * IQR
will be removed before modeling.

This provides a consistent statistical rule for
reducing the influence of extreme price observations.

2026-10-05 18:06:16 | INFO | P06-AB-NYC-2019 | Price Q1: 69.00
2026-10-05 18:06:16 | INFO | P06-AB-NYC-2019 | Price Q3: 175.00
2026-10-05 18:06:16 | INFO | P06-AB-NYC-2019 | Price IQR: 106.00
2026-10-05 18:06:16 | INFO | P06-AB-NYC-2019 | Lower price bound: -90.00
2026-10-05 18:06:16 | INFO | P06-AB-NYC-2019 | Upper price bound: 334.00
2026-10-05 18:06:16 | INFO | P06-AB-NYC-2019 | Price outliers removed: 2972
2026-10-05 18:06:16 | INFO | P06-AB-NYC-2019 | Final modeling rows: 45923
2026-10-05 18:06:16 | INFO | P06-AB-NYC-2019 | X shape: (45923, 1)
2026-10-05 18:06:16 | INFO | P06-AB-NYC-2019 | y shape: (45923,)
2026-10-05 18:06:16 | INFO | P06-AB-NYC-2019 | -------------------------------
2026-10-05 18:06:16 | INFO | P06-AB-NYC-2019 | 04. SPLIT into training and test data.
2026-10-05 18:06:16 | INFO | P06-AB-NYC-2019 | -------------------------------
2026-10-05 18:06:16 | INFO | P06-AB-NYC-2019 | 
I will use 80% of the modeling rows for training
and hold back 20% for testing.

I want most of the available data to be available
for learning the model while keeping a separate
set of observations that the model did not see
during training.

The test rows will be used to evaluate how the
trained model performs on unseen observations.

I will use a random seed of 42 so the split is
reproducible.

2026-10-05 18:06:16 | INFO | P06-AB-NYC-2019 | Training rows: 36738
2026-10-05 18:06:16 | INFO | P06-AB-NYC-2019 | Test rows: 9185
2026-10-05 18:06:16 | INFO | P06-AB-NYC-2019 | -------------------------------
2026-10-05 18:06:16 | INFO | P06-AB-NYC-2019 | 05. BASELINE with a simple reference model.
2026-10-05 18:06:16 | INFO | P06-AB-NYC-2019 | -------------------------------
2026-10-05 18:06:16 | INFO | P06-AB-NYC-2019 | 
Before evaluating the LinearRegression model,
I need a simple baseline for comparison.

The baseline will ignore availability_365 and predict
the average Airbnb listing price from the training data
for every test observation.

A useful predictive model should improve on this
simple reference prediction.

2026-10-05 18:06:16 | INFO | P06-AB-NYC-2019 | Baseline strategy: mean
2026-10-05 18:06:16 | INFO | P06-AB-NYC-2019 | Baseline RMSE: 68.25
2026-10-05 18:06:16 | INFO | P06-AB-NYC-2019 | Baseline R-squared: -0.000
2026-10-05 18:06:16 | INFO | P06-AB-NYC-2019 | -------------------------------
2026-10-05 18:06:16 | INFO | P06-AB-NYC-2019 | 06. TRAIN a LinearRegression model.
2026-10-05 18:06:16 | INFO | P06-AB-NYC-2019 | -------------------------------
2026-10-05 18:06:16 | INFO | P06-AB-NYC-2019 | 
I will use LinearRegression.

Linear regression fits a straight-line relationship
between availability_365 and Airbnb listing price.

This provides a simple and interpretable model
that can be compared with the baseline.

Fitting a line does not prove that a straight-line
relationship is a good description of Airbnb prices.

The evaluation metrics and residual plot will help
assess whether the model is useful.

2026-10-05 18:06:16 | INFO | P06-AB-NYC-2019 | The model learned this line:
2026-10-05 18:06:16 | INFO | P06-AB-NYC-2019 | price = 0.0352463 * availability_365 + 116.032
2026-10-05 18:06:16 | INFO | P06-AB-NYC-2019 | -------------------------------
2026-10-05 18:06:16 | INFO | P06-AB-NYC-2019 | 07. PREDICT on X_test.
2026-10-05 18:06:16 | INFO | P06-AB-NYC-2019 | -------------------------------
2026-10-05 18:06:16 | INFO | P06-AB-NYC-2019 | Predictions created: 9185
2026-10-05 18:06:16 | INFO | P06-AB-NYC-2019 | -------------------------------
2026-10-05 18:06:16 | INFO | P06-AB-NYC-2019 | 08. EVALUATE baseline vs model on y_test.
2026-10-05 18:06:16 | INFO | P06-AB-NYC-2019 | -------------------------------
2026-10-05 18:06:16 | INFO | P06-AB-NYC-2019 | BASELINE RESULTS
2026-10-05 18:06:16 | INFO | P06-AB-NYC-2019 | RMSE:      68.25
2026-10-05 18:06:16 | INFO | P06-AB-NYC-2019 | R-squared: -0.000
2026-10-05 18:06:16 | INFO | P06-AB-NYC-2019 | LINEAR REGRESSION RESULTS
2026-10-05 18:06:16 | INFO | P06-AB-NYC-2019 | RMSE:      68.12
2026-10-05 18:06:16 | INFO | P06-AB-NYC-2019 | R-squared: 0.004
2026-10-05 18:06:16 | INFO | P06-AB-NYC-2019 | -------------------------------
2026-10-05 18:06:16 | INFO | P06-AB-NYC-2019 | 09. VISUALIZE predictions and residuals.
2026-10-05 18:06:16 | INFO | P06-AB-NYC-2019 | -------------------------------
2026-10-05 18:06:16 | INFO | P06-AB-NYC-2019 | Chart saved successfully at docs\images\ab-nyc-2019-regression-predictions.png.
2026-10-05 18:06:16 | INFO | P06-AB-NYC-2019 | Chart saved successfully at docs\images\ab-nyc-2019-regression-residuals.png.
2026-10-05 18:06:16 | INFO | P06-AB-NYC-2019 | -------------------------------
2026-10-05 18:06:16 | INFO | P06-AB-NYC-2019 | 10. ASSESS the results.
2026-10-05 18:06:16 | INFO | P06-AB-NYC-2019 | -------------------------------
2026-10-05 18:06:16 | INFO | P06-AB-NYC-2019 | CUSTOM OBSERVATIONS:

I used availability_365 to predict Airbnb listing prices.

The baseline RMSE was ...

The LinearRegression RMSE was ...

Compared with the baseline,
the LinearRegression model ...

The model R-squared was ...

I removed unusually high and low price observations
using the IQR method before training the model.

In the residual plot, I observed ...

Based on this evidence,
I conclude ...

Next, I would like to try using another
feature such as room type, neighborhood,
minimum nights, or number of reviews.

2026-10-05 18:06:16 | INFO | P06-AB-NYC-2019 | ===================================
2026-10-05 18:06:16 | INFO | P06-AB-NYC-2019 | END main() - Executed successfully!
2026-10-05 18:06:16 | INFO | P06-AB-NYC-2019 | ===================================
2026-10-05 18:20:32 | INFO | P06-HOME-SALES | === RUN START ===
2026-10-05 18:20:32 | INFO | P06-HOME-SALES | project=P06 - LINEAR REGRESSION - HOME SALES
2026-10-05 18:20:32 | INFO | P06-HOME-SALES | repo_dir=datafun-07-final
2026-10-05 18:20:32 | INFO | P06-HOME-SALES | python=3.14.7
2026-10-05 18:20:32 | INFO | P06-HOME-SALES | os=Windows 11
2026-10-05 18:20:32 | INFO | P06-HOME-SALES | shell=powershell
2026-10-05 18:20:32 | INFO | P06-HOME-SALES | cwd=.
2026-10-05 18:20:32 | INFO | P06-HOME-SALES | github_actions=False
2026-10-05 18:20:32 | INFO | P06-HOME-SALES | ===================================
2026-10-05 18:20:32 | INFO | P06-HOME-SALES | START main()
2026-10-05 18:20:32 | INFO | P06-HOME-SALES | ===================================
2026-10-05 18:20:32 | INFO | P06-HOME-SALES | -------------------------------
2026-10-05 18:20:32 | INFO | P06-HOME-SALES | 01. OBSERVE the data.
2026-10-05 18:20:32 | INFO | P06-HOME-SALES | -------------------------------
2026-10-05 18:20:32 | INFO | P06-HOME-SALES | data file = data\home_sales.csv
2026-10-05 18:23:34 | INFO | P06-HOME-SALES | === RUN START ===
2026-10-05 18:23:34 | INFO | P06-HOME-SALES | project=P06 - LINEAR REGRESSION - HOME SALES
2026-10-05 18:23:34 | INFO | P06-HOME-SALES | repo_dir=datafun-07-final
2026-10-05 18:23:34 | INFO | P06-HOME-SALES | python=3.14.7
2026-10-05 18:23:34 | INFO | P06-HOME-SALES | os=Windows 11
2026-10-05 18:23:34 | INFO | P06-HOME-SALES | shell=powershell
2026-10-05 18:23:34 | INFO | P06-HOME-SALES | cwd=.
2026-10-05 18:23:34 | INFO | P06-HOME-SALES | github_actions=False
2026-10-05 18:23:34 | INFO | P06-HOME-SALES | ===================================
2026-10-05 18:23:34 | INFO | P06-HOME-SALES | START main()
2026-10-05 18:23:34 | INFO | P06-HOME-SALES | ===================================
2026-10-05 18:23:34 | INFO | P06-HOME-SALES | -------------------------------
2026-10-05 18:23:34 | INFO | P06-HOME-SALES | 01. OBSERVE the data.
2026-10-05 18:23:34 | INFO | P06-HOME-SALES | -------------------------------
2026-10-05 18:23:34 | INFO | P06-HOME-SALES | data file = data\raw\home_sales.csv
2026-10-05 18:23:34 | INFO | P06-HOME-SALES | Data loaded successfully.
2026-10-05 18:23:34 | INFO | P06-HOME-SALES | Grain: one home sale
2026-10-05 18:23:34 | INFO | P06-HOME-SALES | Rows: 250
2026-10-05 18:23:34 | INFO | P06-HOME-SALES | Columns: 8
2026-10-05 18:23:34 | INFO | P06-HOME-SALES | Column names: ['neighborhood', 'property_type', 'price', 'sqft', 'bedrooms', 'bathrooms', 'year_built', 'satisfaction']
2026-10-05 18:23:34 | INFO | P06-HOME-SALES | -------------------------------
2026-10-05 18:23:34 | INFO | P06-HOME-SALES | 02. DECLARE the target and feature.
2026-10-05 18:23:34 | INFO | P06-HOME-SALES | -------------------------------
2026-10-05 18:23:34 | INFO | P06-HOME-SALES | Target:  price
2026-10-05 18:23:34 | INFO | P06-HOME-SALES | Feature: sqft
2026-10-05 18:23:34 | INFO | P06-HOME-SALES | 
I want to predict home sale price.

I selected square footage as the feature.

Square footage provides a measurement of the size
of the home. Larger homes may have higher sale prices
because they provide more living space.

Square footage might therefore contain useful information
for predicting home prices.

I do not know yet how well square footage will predict
home prices. The modeling process will provide evidence.

2026-10-05 18:23:34 | INFO | P06-HOME-SALES | -------------------------------
2026-10-05 18:23:34 | INFO | P06-HOME-SALES | 03. PREPARE the modeling data.
2026-10-05 18:23:34 | INFO | P06-HOME-SALES | -------------------------------
2026-10-05 18:23:34 | INFO | P06-HOME-SALES | Original rows: 250
2026-10-05 18:23:34 | INFO | P06-HOME-SALES | Modeling rows: 250
2026-10-05 18:23:34 | INFO | P06-HOME-SALES | Rows dropped: 0
2026-10-05 18:23:34 | INFO | P06-HOME-SALES | X shape: (250, 1)
2026-10-05 18:23:34 | INFO | P06-HOME-SALES | y shape: (250,)
2026-10-05 18:23:34 | INFO | P06-HOME-SALES | -------------------------------
2026-10-05 18:23:34 | INFO | P06-HOME-SALES | 04. SPLIT into training and test data.
2026-10-05 18:23:34 | INFO | P06-HOME-SALES | -------------------------------
2026-10-05 18:23:34 | INFO | P06-HOME-SALES | 
I will use 80% of the modeling rows for training
and hold back 20% for testing.

I want most of the available data to be available
for learning the model while keeping a separate
set of observations that the model did not see
during training.

The test rows will be used to evaluate how the
trained model performs on unseen observations.

I will use a random seed of 42 so the split is
reproducible.

2026-10-05 18:23:34 | INFO | P06-HOME-SALES | Training rows: 200
2026-10-05 18:23:34 | INFO | P06-HOME-SALES | Test rows: 50
2026-10-05 18:23:34 | INFO | P06-HOME-SALES | -------------------------------
2026-10-05 18:23:34 | INFO | P06-HOME-SALES | 05. BASELINE with a simple reference model.
2026-10-05 18:23:34 | INFO | P06-HOME-SALES | -------------------------------
2026-10-05 18:23:34 | INFO | P06-HOME-SALES | 
Before evaluating the LinearRegression model,
I need a simple baseline for comparison.

The baseline will ignore square footage and predict
the average home price from the training data for
every test observation.

A useful predictive model should improve on this
simple reference prediction.

2026-10-05 18:23:34 | INFO | P06-HOME-SALES | Baseline strategy: mean
2026-10-05 18:23:34 | INFO | P06-HOME-SALES | Baseline RMSE: 209277.19
2026-10-05 18:23:34 | INFO | P06-HOME-SALES | Baseline R-squared: -0.021
2026-10-05 18:23:34 | INFO | P06-HOME-SALES | -------------------------------
2026-10-05 18:23:34 | INFO | P06-HOME-SALES | 06. TRAIN a LinearRegression model.
2026-10-05 18:23:34 | INFO | P06-HOME-SALES | -------------------------------
2026-10-05 18:23:34 | INFO | P06-HOME-SALES | 
I will use LinearRegression.

Linear regression fits a straight-line relationship
between square footage and home price.

This provides a simple and interpretable model
that can be compared with the baseline.

Fitting a line does not prove that a straight-line
relationship is a good description of home prices.

The evaluation metrics and residual plot will help
assess whether the model is useful.

2026-10-05 18:23:34 | INFO | P06-HOME-SALES | The model learned this line:
2026-10-05 18:23:34 | INFO | P06-HOME-SALES | price = 206.08 * sqft + 172519
2026-10-05 18:23:34 | INFO | P06-HOME-SALES | -------------------------------
2026-10-05 18:23:34 | INFO | P06-HOME-SALES | 07. PREDICT on X_test.
2026-10-05 18:23:34 | INFO | P06-HOME-SALES | -------------------------------
2026-10-05 18:23:34 | INFO | P06-HOME-SALES | Predictions created: 50
2026-10-05 18:23:34 | INFO | P06-HOME-SALES | -------------------------------
2026-10-05 18:23:34 | INFO | P06-HOME-SALES | 08. EVALUATE baseline vs model on y_test.
2026-10-05 18:23:34 | INFO | P06-HOME-SALES | -------------------------------
2026-10-05 18:23:34 | INFO | P06-HOME-SALES | BASELINE RESULTS
2026-10-05 18:23:34 | INFO | P06-HOME-SALES | RMSE:      209277.19
2026-10-05 18:23:34 | INFO | P06-HOME-SALES | R-squared: -0.021
2026-10-05 18:23:34 | INFO | P06-HOME-SALES | LINEAR REGRESSION RESULTS
2026-10-05 18:23:34 | INFO | P06-HOME-SALES | RMSE:      169594.90
2026-10-05 18:23:34 | INFO | P06-HOME-SALES | R-squared: 0.329
2026-10-05 18:23:34 | INFO | P06-HOME-SALES | -------------------------------
2026-10-05 18:23:34 | INFO | P06-HOME-SALES | 09. VISUALIZE predictions and residuals.
2026-10-05 18:23:34 | INFO | P06-HOME-SALES | -------------------------------
2026-10-05 18:23:35 | INFO | P06-HOME-SALES | Chart saved successfully at docs\images\home-sales-regression-predictions.png.
2026-10-05 18:23:35 | INFO | P06-HOME-SALES | Chart saved successfully at docs\images\home-sales-regression-residuals.png.
2026-10-05 18:23:35 | INFO | P06-HOME-SALES | -------------------------------
2026-10-05 18:23:35 | INFO | P06-HOME-SALES | 10. ASSESS the results.
2026-10-05 18:23:35 | INFO | P06-HOME-SALES | -------------------------------
2026-10-05 18:23:35 | INFO | P06-HOME-SALES | CUSTOM OBSERVATIONS:

I used square footage to predict home prices.

The baseline RMSE was ...

The LinearRegression RMSE was ...

Compared with the baseline,
the LinearRegression model ...

The model R-squared was ...

In the residual plot, I observed ...

Based on this evidence,
I conclude ...

Next, I would like to try using another
feature such as bedrooms or bathrooms.

2026-10-05 18:23:35 | INFO | P06-HOME-SALES | ===================================
2026-10-05 18:23:35 | INFO | P06-HOME-SALES | END main() - Executed successfully!
2026-10-05 18:23:35 | INFO | P06-HOME-SALES | ===================================
2026-10-05 18:24:22 | INFO | P06-HOME-SALES | === RUN START ===
2026-10-05 18:24:22 | INFO | P06-HOME-SALES | project=HOME SALES ANALYSIS
2026-10-05 18:24:22 | INFO | P06-HOME-SALES | repo_dir=datafun-07-final
2026-10-05 18:24:22 | INFO | P06-HOME-SALES | python=3.14.7
2026-10-05 18:24:22 | INFO | P06-HOME-SALES | os=Windows 11
2026-10-05 18:24:22 | INFO | P06-HOME-SALES | shell=powershell
2026-10-05 18:24:22 | INFO | P06-HOME-SALES | cwd=.
2026-10-05 18:24:22 | INFO | P06-HOME-SALES | github_actions=False
2026-10-05 18:24:22 | INFO | P06-HOME-SALES | === RUN START ===
2026-10-05 18:24:22 | INFO | P06-HOME-SALES | project=LOAD DATA
2026-10-05 18:24:22 | INFO | P06-HOME-SALES | repo_dir=datafun-07-final
2026-10-05 18:24:22 | INFO | P06-HOME-SALES | python=3.14.7
2026-10-05 18:24:22 | INFO | P06-HOME-SALES | os=Windows 11
2026-10-05 18:24:22 | INFO | P06-HOME-SALES | shell=powershell
2026-10-05 18:24:22 | INFO | P06-HOME-SALES | cwd=.
2026-10-05 18:24:22 | INFO | P06-HOME-SALES | github_actions=False
2026-10-05 18:24:22 | INFO | P06-HOME-SALES | Data file = data\raw\home_sales.csv
2026-10-05 18:24:22 | INFO | P06-HOME-SALES | Dataset loaded successfully.
2026-10-05 18:24:22 | INFO | P06-HOME-SALES | Rows: 250
2026-10-05 18:24:22 | INFO | P06-HOME-SALES | Columns: 8
2026-10-05 18:24:22 | INFO | P06-HOME-SALES | Column names: ['neighborhood', 'property_type', 'price', 'sqft', 'bedrooms', 'bathrooms', 'year_built', 'satisfaction']
2026-10-05 18:24:22 | INFO | P06-HOME-SALES | Dataset shape: (250, 8)
2026-10-05 18:24:22 | INFO | P06-HOME-SALES | Missing values by column:
2026-10-05 18:24:22 | INFO | P06-HOME-SALES | 
neighborhood     0
property_type    0
price            0
sqft             0
bedrooms         0
bathrooms        0
year_built       0
satisfaction     0
dtype: int64
2026-10-05 18:24:22 | INFO | P06-HOME-SALES | === RUN START ===
2026-10-05 18:24:22 | INFO | P06-HOME-SALES | project=EXPLORATORY DATA ANALYSIS
2026-10-05 18:24:22 | INFO | P06-HOME-SALES | repo_dir=datafun-07-final
2026-10-05 18:24:22 | INFO | P06-HOME-SALES | python=3.14.7
2026-10-05 18:24:22 | INFO | P06-HOME-SALES | os=Windows 11
2026-10-05 18:24:22 | INFO | P06-HOME-SALES | shell=powershell
2026-10-05 18:24:22 | INFO | P06-HOME-SALES | cwd=.
2026-10-05 18:24:22 | INFO | P06-HOME-SALES | github_actions=False
2026-10-05 18:28:37 | INFO | P06-HOME-SALES | === RUN START ===
2026-10-05 18:28:37 | INFO | P06-HOME-SALES | project=HOME SALES ANALYSIS
2026-10-05 18:28:37 | INFO | P06-HOME-SALES | repo_dir=datafun-07-final
2026-10-05 18:28:37 | INFO | P06-HOME-SALES | python=3.14.7
2026-10-05 18:28:37 | INFO | P06-HOME-SALES | os=Windows 11
2026-10-05 18:28:37 | INFO | P06-HOME-SALES | shell=powershell
2026-10-05 18:28:37 | INFO | P06-HOME-SALES | cwd=.
2026-10-05 18:28:37 | INFO | P06-HOME-SALES | github_actions=False
2026-10-05 18:29:31 | INFO | P06-HOME-SALES | === RUN START ===
2026-10-05 18:29:31 | INFO | P06-HOME-SALES | project=HOME SALES ANALYSIS
2026-10-05 18:29:31 | INFO | P06-HOME-SALES | repo_dir=datafun-07-final
2026-10-05 18:29:31 | INFO | P06-HOME-SALES | python=3.14.7
2026-10-05 18:29:31 | INFO | P06-HOME-SALES | os=Windows 11
2026-10-05 18:29:31 | INFO | P06-HOME-SALES | shell=powershell
2026-10-05 18:29:31 | INFO | P06-HOME-SALES | cwd=.
2026-10-05 18:29:31 | INFO | P06-HOME-SALES | github_actions=False
2026-10-05 18:29:31 | INFO | P06-HOME-SALES | Input data = data\raw\home_sales.csv
2026-10-05 18:29:31 | INFO | P06-HOME-SALES | Loading home sales data...
2026-10-05 18:29:31 | INFO | P06-HOME-SALES | Loaded 250 rows and 8 columns.
2026-10-05 18:29:31 | DEBUG | P06-HOME-SALES | Columns: ['neighborhood', 'property_type', 'price', 'sqft', 'bedrooms', 'bathrooms', 'year_built', 'satisfaction']
2026-10-05 18:29:31 | INFO | P06-HOME-SALES | Preview of home sales data:
2026-10-05 18:29:31 | INFO | P06-HOME-SALES | 
  neighborhood property_type   price  sqft  bedrooms  bathrooms  year_built  satisfaction
0     Downtown         House  565023  1104         2          2        1973             7
1   University         House  222153   697         1          1        1963             6
2     Historic         House  538965  1483         3          3        1980             6
3   Waterfront         House  911986  1505         3          3        1993             7
4   University         Condo  341819  1330         4          4        1997             4
2026-10-05 18:29:31 | INFO | P06-HOME-SALES | Data types:
2026-10-05 18:29:31 | INFO | P06-HOME-SALES | 
neighborhood       str
property_type      str
price            int64
sqft             int64
bedrooms         int64
bathrooms        int64
year_built       int64
satisfaction     int64
2026-10-05 18:29:31 | INFO | P06-HOME-SALES | Missing values:
2026-10-05 18:29:31 | INFO | P06-HOME-SALES | 
neighborhood     0
property_type    0
price            0
sqft             0
bedrooms         0
bathrooms        0
year_built       0
satisfaction     0
2026-10-05 18:29:31 | INFO | P06-HOME-SALES | Running exploratory data analysis...
2026-10-05 18:30:34 | INFO | P06-HOME-SALES | === RUN START ===
2026-10-05 18:30:34 | INFO | P06-HOME-SALES | project=HOME SALES ANALYSIS
2026-10-05 18:30:34 | INFO | P06-HOME-SALES | repo_dir=datafun-07-final
2026-10-05 18:30:34 | INFO | P06-HOME-SALES | python=3.14.7
2026-10-05 18:30:34 | INFO | P06-HOME-SALES | os=Windows 11
2026-10-05 18:30:34 | INFO | P06-HOME-SALES | shell=powershell
2026-10-05 18:30:34 | INFO | P06-HOME-SALES | cwd=.
2026-10-05 18:30:34 | INFO | P06-HOME-SALES | github_actions=False
2026-10-05 18:30:34 | INFO | P06-HOME-SALES | Input data = data\raw\home_sales.csv
2026-10-05 18:30:34 | INFO | P06-HOME-SALES | Loading home sales data...
2026-10-05 18:30:34 | INFO | P06-HOME-SALES | Loaded 250 rows and 8 columns.
2026-10-05 18:30:34 | DEBUG | P06-HOME-SALES | Columns: ['neighborhood', 'property_type', 'price', 'sqft', 'bedrooms', 'bathrooms', 'year_built', 'satisfaction']
2026-10-05 18:30:34 | INFO | P06-HOME-SALES | Preview of home sales data:
2026-10-05 18:30:34 | INFO | P06-HOME-SALES | 
  neighborhood property_type   price  sqft  bedrooms  bathrooms  year_built  satisfaction
0     Downtown         House  565023  1104         2          2        1973             7
1   University         House  222153   697         1          1        1963             6
2     Historic         House  538965  1483         3          3        1980             6
3   Waterfront         House  911986  1505         3          3        1993             7
4   University         Condo  341819  1330         4          4        1997             4
2026-10-05 18:30:34 | INFO | P06-HOME-SALES | Data types:
2026-10-05 18:30:34 | INFO | P06-HOME-SALES | 
neighborhood       str
property_type      str
price            int64
sqft             int64
bedrooms         int64
bathrooms        int64
year_built       int64
satisfaction     int64
2026-10-05 18:30:34 | INFO | P06-HOME-SALES | Missing values:
2026-10-05 18:30:34 | INFO | P06-HOME-SALES | 
neighborhood     0
property_type    0
price            0
sqft             0
bedrooms         0
bathrooms        0
year_built       0
satisfaction     0
2026-10-05 18:30:34 | INFO | P06-HOME-SALES | Running exploratory data analysis...
2026-10-05 18:30:36 | INFO | P06-HOME-SALES | Exploratory data analysis complete.
2026-10-05 18:30:36 | INFO | P06-HOME-SALES | Running linear regression...
2026-10-05 18:31:37 | INFO | P06-HOME-SALES | === RUN START ===
2026-10-05 18:31:37 | INFO | P06-HOME-SALES | project=HOME SALES ANALYSIS
2026-10-05 18:31:37 | INFO | P06-HOME-SALES | repo_dir=datafun-07-final
2026-10-05 18:31:37 | INFO | P06-HOME-SALES | python=3.14.7
2026-10-05 18:31:37 | INFO | P06-HOME-SALES | os=Windows 11
2026-10-05 18:31:37 | INFO | P06-HOME-SALES | shell=powershell
2026-10-05 18:31:37 | INFO | P06-HOME-SALES | cwd=.
2026-10-05 18:31:37 | INFO | P06-HOME-SALES | github_actions=False
2026-10-05 18:31:37 | INFO | P06-HOME-SALES | Input data = data\raw\home_sales.csv
2026-10-05 18:31:37 | INFO | P06-HOME-SALES | Loading home sales data...
2026-10-05 18:31:37 | INFO | P06-HOME-SALES | Loaded 250 rows and 8 columns.
2026-10-05 18:31:37 | DEBUG | P06-HOME-SALES | Columns: ['neighborhood', 'property_type', 'price', 'sqft', 'bedrooms', 'bathrooms', 'year_built', 'satisfaction']
2026-10-05 18:31:37 | INFO | P06-HOME-SALES | Preview of home sales data:
2026-10-05 18:31:37 | INFO | P06-HOME-SALES | 
  neighborhood property_type   price  sqft  bedrooms  bathrooms  year_built  satisfaction
0     Downtown         House  565023  1104         2          2        1973             7
1   University         House  222153   697         1          1        1963             6
2     Historic         House  538965  1483         3          3        1980             6
3   Waterfront         House  911986  1505         3          3        1993             7
4   University         Condo  341819  1330         4          4        1997             4
2026-10-05 18:31:37 | INFO | P06-HOME-SALES | Data types:
2026-10-05 18:31:37 | INFO | P06-HOME-SALES | 
neighborhood       str
property_type      str
price            int64
sqft             int64
bedrooms         int64
bathrooms        int64
year_built       int64
satisfaction     int64
2026-10-05 18:31:37 | INFO | P06-HOME-SALES | Missing values:
2026-10-05 18:31:37 | INFO | P06-HOME-SALES | 
neighborhood     0
property_type    0
price            0
sqft             0
bedrooms         0
bathrooms        0
year_built       0
satisfaction     0
2026-10-05 18:31:37 | INFO | P06-HOME-SALES | Running exploratory data analysis...
2026-10-05 18:31:39 | INFO | P06-HOME-SALES | Exploratory data analysis complete.
2026-10-05 18:31:39 | INFO | P06-HOME-SALES | Running linear regression...
2026-10-05 18:31:39 | INFO | P06-HOME-SALES | Linear regression complete.
2026-10-05 18:31:39 | INFO | P06-HOME-SALES | Building HTML report...
2026-10-05 18:31:39 | INFO | P06-HOME-SALES | HTML report created: docs\home_sales\index.html
2026-10-05 18:31:39 | INFO | P06-HOME-SALES | Opening HTML report in default browser...
2026-10-05 18:31:39 | INFO | P06-HOME-SALES | === RUN START ===
2026-10-05 18:31:39 | INFO | P06-HOME-SALES | project=HOME SALES ANALYSIS COMPLETE
2026-10-05 18:31:39 | INFO | P06-HOME-SALES | repo_dir=datafun-07-final
2026-10-05 18:31:39 | INFO | P06-HOME-SALES | python=3.14.7
2026-10-05 18:31:39 | INFO | P06-HOME-SALES | os=Windows 11
2026-10-05 18:31:39 | INFO | P06-HOME-SALES | shell=powershell
2026-10-05 18:31:39 | INFO | P06-HOME-SALES | cwd=.
2026-10-05 18:31:39 | INFO | P06-HOME-SALES | github_actions=False
2026-10-05 18:37:23 | INFO | P06-HOME-SALES | === RUN START ===
2026-10-05 18:37:23 | INFO | P06-HOME-SALES | project=HOME SALES ANALYSIS
2026-10-05 18:37:23 | INFO | P06-HOME-SALES | repo_dir=datafun-07-final
2026-10-05 18:37:23 | INFO | P06-HOME-SALES | python=3.14.7
2026-10-05 18:37:23 | INFO | P06-HOME-SALES | os=Windows 11
2026-10-05 18:37:23 | INFO | P06-HOME-SALES | shell=powershell
2026-10-05 18:37:23 | INFO | P06-HOME-SALES | cwd=.
2026-10-05 18:37:23 | INFO | P06-HOME-SALES | github_actions=False
2026-10-05 18:37:23 | INFO | P06-HOME-SALES | Input data = data\raw\home_sales.csv
2026-10-05 18:37:23 | INFO | P06-HOME-SALES | Loading home sales data...
2026-10-05 18:37:23 | INFO | P06-HOME-SALES | Loaded 250 rows and 8 columns.
2026-10-05 18:37:23 | DEBUG | P06-HOME-SALES | Columns: ['neighborhood', 'property_type', 'price', 'sqft', 'bedrooms', 'bathrooms', 'year_built', 'satisfaction']
2026-10-05 18:37:23 | INFO | P06-HOME-SALES | Preview of home sales data:
2026-10-05 18:37:23 | INFO | P06-HOME-SALES | 
  neighborhood property_type   price  sqft  bedrooms  bathrooms  year_built  satisfaction
0     Downtown         House  565023  1104         2          2        1973             7
1   University         House  222153   697         1          1        1963             6
2     Historic         House  538965  1483         3          3        1980             6
3   Waterfront         House  911986  1505         3          3        1993             7
4   University         Condo  341819  1330         4          4        1997             4
2026-10-05 18:37:23 | INFO | P06-HOME-SALES | Data types:
2026-10-05 18:37:23 | INFO | P06-HOME-SALES | 
neighborhood       str
property_type      str
price            int64
sqft             int64
bedrooms         int64
bathrooms        int64
year_built       int64
satisfaction     int64
2026-10-05 18:37:23 | INFO | P06-HOME-SALES | Missing values:
2026-10-05 18:37:23 | INFO | P06-HOME-SALES | 
neighborhood     0
property_type    0
price            0
sqft             0
bedrooms         0
bathrooms        0
year_built       0
satisfaction     0
2026-10-05 18:37:23 | INFO | P06-HOME-SALES | Running exploratory data analysis...
2026-10-05 18:37:25 | INFO | P06-HOME-SALES | Exploratory data analysis complete.
2026-10-05 18:37:25 | INFO | P06-HOME-SALES | Running linear regression...
2026-10-05 18:37:25 | INFO | P06-HOME-SALES | Linear regression complete.
2026-10-05 18:37:25 | INFO | P06-HOME-SALES | Building HTML report...
2026-10-05 18:38:54 | INFO | P06-HOME-SALES | === RUN START ===
2026-10-05 18:38:54 | INFO | P06-HOME-SALES | project=HOME SALES ANALYSIS
2026-10-05 18:38:54 | INFO | P06-HOME-SALES | repo_dir=datafun-07-final
2026-10-05 18:38:54 | INFO | P06-HOME-SALES | python=3.14.7
2026-10-05 18:38:54 | INFO | P06-HOME-SALES | os=Windows 11
2026-10-05 18:38:54 | INFO | P06-HOME-SALES | shell=powershell
2026-10-05 18:38:54 | INFO | P06-HOME-SALES | cwd=.
2026-10-05 18:38:54 | INFO | P06-HOME-SALES | github_actions=False
2026-10-05 18:38:54 | INFO | P06-HOME-SALES | Input data = data\raw\home_sales.csv
2026-10-05 18:38:54 | INFO | P06-HOME-SALES | Loading home sales data...
2026-10-05 18:38:54 | INFO | P06-HOME-SALES | Loaded 250 rows and 8 columns.
2026-10-05 18:38:54 | DEBUG | P06-HOME-SALES | Columns: ['neighborhood', 'property_type', 'price', 'sqft', 'bedrooms', 'bathrooms', 'year_built', 'satisfaction']
2026-10-05 18:38:54 | INFO | P06-HOME-SALES | Preview of home sales data:
2026-10-05 18:38:54 | INFO | P06-HOME-SALES | 
  neighborhood property_type   price  sqft  bedrooms  bathrooms  year_built  satisfaction
0     Downtown         House  565023  1104         2          2        1973             7
1   University         House  222153   697         1          1        1963             6
2     Historic         House  538965  1483         3          3        1980             6
3   Waterfront         House  911986  1505         3          3        1993             7
4   University         Condo  341819  1330         4          4        1997             4
2026-10-05 18:38:54 | INFO | P06-HOME-SALES | Data types:
2026-10-05 18:38:54 | INFO | P06-HOME-SALES | 
neighborhood       str
property_type      str
price            int64
sqft             int64
bedrooms         int64
bathrooms        int64
year_built       int64
satisfaction     int64
2026-10-05 18:38:54 | INFO | P06-HOME-SALES | Missing values:
2026-10-05 18:38:54 | INFO | P06-HOME-SALES | 
neighborhood     0
property_type    0
price            0
sqft             0
bedrooms         0
bathrooms        0
year_built       0
satisfaction     0
2026-10-05 18:38:54 | INFO | P06-HOME-SALES | Running exploratory data analysis...
2026-10-05 18:38:56 | INFO | P06-HOME-SALES | Exploratory data analysis complete.
2026-10-05 18:38:56 | INFO | P06-HOME-SALES | Running linear regression...
2026-10-05 18:38:56 | INFO | P06-HOME-SALES | Linear regression complete.
2026-10-05 18:38:56 | INFO | P06-HOME-SALES | Building HTML report...
2026-10-05 18:42:11 | INFO | P06-HOME-SALES | === RUN START ===
2026-10-05 18:42:11 | INFO | P06-HOME-SALES | project=HOME SALES ANALYSIS
2026-10-05 18:42:11 | INFO | P06-HOME-SALES | repo_dir=datafun-07-final
2026-10-05 18:42:11 | INFO | P06-HOME-SALES | python=3.14.7
2026-10-05 18:42:11 | INFO | P06-HOME-SALES | os=Windows 11
2026-10-05 18:42:11 | INFO | P06-HOME-SALES | shell=powershell
2026-10-05 18:42:11 | INFO | P06-HOME-SALES | cwd=.
2026-10-05 18:42:11 | INFO | P06-HOME-SALES | github_actions=False
2026-10-05 18:42:11 | INFO | P06-HOME-SALES | Input data = data\raw\home_sales.csv
2026-10-05 18:42:11 | INFO | P06-HOME-SALES | Loading home sales data...
2026-10-05 18:42:11 | INFO | P06-HOME-SALES | Loaded 250 rows and 8 columns.
2026-10-05 18:42:11 | DEBUG | P06-HOME-SALES | Columns: ['neighborhood', 'property_type', 'price', 'sqft', 'bedrooms', 'bathrooms', 'year_built', 'satisfaction']
2026-10-05 18:42:11 | INFO | P06-HOME-SALES | Preview of home sales data:
2026-10-05 18:42:11 | INFO | P06-HOME-SALES | 
  neighborhood property_type   price  sqft  bedrooms  bathrooms  year_built  satisfaction
0     Downtown         House  565023  1104         2          2        1973             7
1   University         House  222153   697         1          1        1963             6
2     Historic         House  538965  1483         3          3        1980             6
3   Waterfront         House  911986  1505         3          3        1993             7
4   University         Condo  341819  1330         4          4        1997             4
2026-10-05 18:42:11 | INFO | P06-HOME-SALES | Data types:
2026-10-05 18:42:11 | INFO | P06-HOME-SALES | 
neighborhood       str
property_type      str
price            int64
sqft             int64
bedrooms         int64
bathrooms        int64
year_built       int64
satisfaction     int64
2026-10-05 18:42:11 | INFO | P06-HOME-SALES | Missing values:
2026-10-05 18:42:11 | INFO | P06-HOME-SALES | 
neighborhood     0
property_type    0
price            0
sqft             0
bedrooms         0
bathrooms        0
year_built       0
satisfaction     0
2026-10-05 18:42:11 | INFO | P06-HOME-SALES | Running exploratory data analysis...
2026-10-05 18:42:12 | INFO | P06-HOME-SALES | Exploratory data analysis complete.
2026-10-05 18:42:12 | INFO | P06-HOME-SALES | Running linear regression...
2026-10-05 18:42:12 | INFO | P06-HOME-SALES | Linear regression complete.
2026-10-05 18:42:12 | INFO | P06-HOME-SALES | Building HTML report...
2026-10-05 18:42:12 | INFO | P06-HOME-SALES | HTML report created: docs\home_sales\index.html
2026-10-05 18:42:12 | INFO | P06-HOME-SALES | Opening HTML report in default browser...
2026-10-05 18:42:12 | INFO | P06-HOME-SALES | === RUN START ===
2026-10-05 18:42:12 | INFO | P06-HOME-SALES | project=HOME SALES ANALYSIS COMPLETE
2026-10-05 18:42:12 | INFO | P06-HOME-SALES | repo_dir=datafun-07-final
2026-10-05 18:42:12 | INFO | P06-HOME-SALES | python=3.14.7
2026-10-05 18:42:12 | INFO | P06-HOME-SALES | os=Windows 11
2026-10-05 18:42:12 | INFO | P06-HOME-SALES | shell=powershell
2026-10-05 18:42:12 | INFO | P06-HOME-SALES | cwd=.
2026-10-05 18:42:12 | INFO | P06-HOME-SALES | github_actions=False
2026-10-05 18:45:01 | INFO | P06-HOME-SALES | === RUN START ===
2026-10-05 18:45:01 | INFO | P06-HOME-SALES | project=HOME SALES ANALYSIS
2026-10-05 18:45:01 | INFO | P06-HOME-SALES | repo_dir=datafun-07-final
2026-10-05 18:45:01 | INFO | P06-HOME-SALES | python=3.14.7
2026-10-05 18:45:01 | INFO | P06-HOME-SALES | os=Windows 11
2026-10-05 18:45:01 | INFO | P06-HOME-SALES | shell=powershell
2026-10-05 18:45:01 | INFO | P06-HOME-SALES | cwd=.
2026-10-05 18:45:01 | INFO | P06-HOME-SALES | github_actions=False
2026-10-05 18:45:01 | INFO | P06-HOME-SALES | Input data = data\raw\home_sales.csv
2026-10-05 18:45:01 | INFO | P06-HOME-SALES | Loading home sales data...
2026-10-05 18:45:01 | INFO | P06-HOME-SALES | Loaded 250 rows and 8 columns.
2026-10-05 18:45:01 | DEBUG | P06-HOME-SALES | Columns: ['neighborhood', 'property_type', 'price', 'sqft', 'bedrooms', 'bathrooms', 'year_built', 'satisfaction']
2026-10-05 18:45:01 | INFO | P06-HOME-SALES | Preview of home sales data:
2026-10-05 18:45:01 | INFO | P06-HOME-SALES | 
  neighborhood property_type   price  sqft  bedrooms  bathrooms  year_built  satisfaction
0     Downtown         House  565023  1104         2          2        1973             7
1   University         House  222153   697         1          1        1963             6
2     Historic         House  538965  1483         3          3        1980             6
3   Waterfront         House  911986  1505         3          3        1993             7
4   University         Condo  341819  1330         4          4        1997             4
2026-10-05 18:45:01 | INFO | P06-HOME-SALES | Data types:
2026-10-05 18:45:01 | INFO | P06-HOME-SALES | 
neighborhood       str
property_type      str
price            int64
sqft             int64
bedrooms         int64
bathrooms        int64
year_built       int64
satisfaction     int64
2026-10-05 18:45:01 | INFO | P06-HOME-SALES | Missing values:
2026-10-05 18:45:01 | INFO | P06-HOME-SALES | 
neighborhood     0
property_type    0
price            0
sqft             0
bedrooms         0
bathrooms        0
year_built       0
satisfaction     0
2026-10-05 18:45:01 | INFO | P06-HOME-SALES | Running exploratory data analysis...
2026-10-05 18:45:03 | INFO | P06-HOME-SALES | Exploratory data analysis complete.
2026-10-05 18:45:03 | INFO | P06-HOME-SALES | Running linear regression...
2026-10-05 18:45:03 | INFO | P06-HOME-SALES | Linear regression complete.
2026-10-05 18:45:03 | INFO | P06-HOME-SALES | Building HTML report...
2026-10-05 18:45:03 | INFO | P06-HOME-SALES | HTML report created: docs\home_sales\index.html
2026-10-05 18:45:03 | INFO | P06-HOME-SALES | Opening HTML report in default browser...
2026-10-05 18:45:03 | INFO | P06-HOME-SALES | === RUN START ===
2026-10-05 18:45:03 | INFO | P06-HOME-SALES | project=HOME SALES ANALYSIS COMPLETE
2026-10-05 18:45:03 | INFO | P06-HOME-SALES | repo_dir=datafun-07-final
2026-10-05 18:45:03 | INFO | P06-HOME-SALES | python=3.14.7
2026-10-05 18:45:03 | INFO | P06-HOME-SALES | os=Windows 11
2026-10-05 18:45:03 | INFO | P06-HOME-SALES | shell=powershell
2026-10-05 18:45:03 | INFO | P06-HOME-SALES | cwd=.
2026-10-05 18:45:03 | INFO | P06-HOME-SALES | github_actions=False
2026-10-05 18:46:56 | INFO | P06-HOME-SALES | === RUN START ===
2026-10-05 18:46:56 | INFO | P06-HOME-SALES | project=HOME SALES ANALYSIS
2026-10-05 18:46:56 | INFO | P06-HOME-SALES | repo_dir=datafun-07-final
2026-10-05 18:46:56 | INFO | P06-HOME-SALES | python=3.14.7
2026-10-05 18:46:56 | INFO | P06-HOME-SALES | os=Windows 11
2026-10-05 18:46:56 | INFO | P06-HOME-SALES | shell=powershell
2026-10-05 18:46:56 | INFO | P06-HOME-SALES | cwd=.
2026-10-05 18:46:56 | INFO | P06-HOME-SALES | github_actions=False
2026-10-05 18:46:56 | INFO | P06-HOME-SALES | Input data = data\raw\home_sales.csv
2026-10-05 18:46:56 | INFO | P06-HOME-SALES | Loading home sales data...
2026-10-05 18:46:56 | INFO | P06-HOME-SALES | Loaded 250 rows and 8 columns.
2026-10-05 18:46:56 | DEBUG | P06-HOME-SALES | Columns: ['neighborhood', 'property_type', 'price', 'sqft', 'bedrooms', 'bathrooms', 'year_built', 'satisfaction']
2026-10-05 18:46:56 | INFO | P06-HOME-SALES | Preview of home sales data:
2026-10-05 18:46:56 | INFO | P06-HOME-SALES | 
  neighborhood property_type   price  sqft  bedrooms  bathrooms  year_built  satisfaction
0     Downtown         House  565023  1104         2          2        1973             7
1   University         House  222153   697         1          1        1963             6
2     Historic         House  538965  1483         3          3        1980             6
3   Waterfront         House  911986  1505         3          3        1993             7
4   University         Condo  341819  1330         4          4        1997             4
2026-10-05 18:46:56 | INFO | P06-HOME-SALES | Data types:
2026-10-05 18:46:56 | INFO | P06-HOME-SALES | 
neighborhood       str
property_type      str
price            int64
sqft             int64
bedrooms         int64
bathrooms        int64
year_built       int64
satisfaction     int64
2026-10-05 18:46:56 | INFO | P06-HOME-SALES | Missing values:
2026-10-05 18:46:56 | INFO | P06-HOME-SALES | 
neighborhood     0
property_type    0
price            0
sqft             0
bedrooms         0
bathrooms        0
year_built       0
satisfaction     0
2026-10-05 18:46:56 | INFO | P06-HOME-SALES | Running exploratory data analysis...
2026-10-05 18:46:57 | INFO | P06-HOME-SALES | Exploratory data analysis complete.
2026-10-05 18:46:57 | INFO | P06-HOME-SALES | Running linear regression...
2026-10-05 18:46:58 | INFO | P06-HOME-SALES | Linear regression complete.
2026-10-05 18:46:58 | INFO | P06-HOME-SALES | Building HTML report...
2026-10-05 18:46:58 | INFO | P06-HOME-SALES | HTML report created: docs\home_sales\index.html
2026-10-05 18:46:58 | INFO | P06-HOME-SALES | Opening HTML report in default browser...
2026-10-05 18:46:58 | INFO | P06-HOME-SALES | === RUN START ===
2026-10-05 18:46:58 | INFO | P06-HOME-SALES | project=HOME SALES ANALYSIS COMPLETE
2026-10-05 18:46:58 | INFO | P06-HOME-SALES | repo_dir=datafun-07-final
2026-10-05 18:46:58 | INFO | P06-HOME-SALES | python=3.14.7
2026-10-05 18:46:58 | INFO | P06-HOME-SALES | os=Windows 11
2026-10-05 18:46:58 | INFO | P06-HOME-SALES | shell=powershell
2026-10-05 18:46:58 | INFO | P06-HOME-SALES | cwd=.
2026-10-05 18:46:58 | INFO | P06-HOME-SALES | github_actions=False
2026-10-06 17:13:52 | INFO | P06-HOME-SALES | === RUN START ===
2026-10-06 17:13:52 | INFO | P06-HOME-SALES | project=HOME SALES ANALYSIS
2026-10-06 17:13:52 | INFO | P06-HOME-SALES | repo_dir=datafun-07-final
2026-10-06 17:13:52 | INFO | P06-HOME-SALES | python=3.14.7
2026-10-06 17:13:52 | INFO | P06-HOME-SALES | os=Windows 11
2026-10-06 17:13:52 | INFO | P06-HOME-SALES | shell=powershell
2026-10-06 17:13:52 | INFO | P06-HOME-SALES | cwd=.
2026-10-06 17:13:52 | INFO | P06-HOME-SALES | github_actions=False
2026-10-06 17:13:52 | INFO | P06-HOME-SALES | Input data = data\raw\home_sales.csv
2026-10-06 17:13:52 | INFO | P06-HOME-SALES | Loading home sales data...
2026-10-06 17:13:52 | INFO | P06-HOME-SALES | Loaded 250 rows and 8 columns.
2026-10-06 17:13:52 | DEBUG | P06-HOME-SALES | Columns: ['neighborhood', 'property_type', 'price', 'sqft', 'bedrooms', 'bathrooms', 'year_built', 'satisfaction']
2026-10-06 17:13:52 | INFO | P06-HOME-SALES | Preview of home sales data:
2026-10-06 17:13:52 | INFO | P06-HOME-SALES | 
  neighborhood property_type   price  sqft  bedrooms  bathrooms  year_built  satisfaction
0     Downtown         House  565023  1104         2          2        1973             7
1   University         House  222153   697         1          1        1963             6
2     Historic         House  538965  1483         3          3        1980             6
3   Waterfront         House  911986  1505         3          3        1993             7
4   University         Condo  341819  1330         4          4        1997             4
2026-10-06 17:13:52 | INFO | P06-HOME-SALES | Data types:
2026-10-06 17:13:52 | INFO | P06-HOME-SALES | 
neighborhood       str
property_type      str
price            int64
sqft             int64
bedrooms         int64
bathrooms        int64
year_built       int64
satisfaction     int64
2026-10-06 17:13:52 | INFO | P06-HOME-SALES | Missing values:
2026-10-06 17:13:52 | INFO | P06-HOME-SALES | 
neighborhood     0
property_type    0
price            0
sqft             0
bedrooms         0
bathrooms        0
year_built       0
satisfaction     0
2026-10-06 17:13:52 | INFO | P06-HOME-SALES | Running exploratory data analysis...
2026-10-06 17:13:54 | INFO | P06-HOME-SALES | Exploratory data analysis complete.
2026-10-06 17:13:54 | INFO | P06-HOME-SALES | Running linear regression...
2026-10-06 17:13:54 | INFO | P06-HOME-SALES | Linear regression complete.
2026-10-06 17:13:54 | INFO | P06-HOME-SALES | Building HTML report...
2026-10-06 17:13:54 | INFO | P06-HOME-SALES | HTML report created: docs\home_sales\index.html
2026-10-06 17:13:54 | INFO | P06-HOME-SALES | Opening HTML report in default browser...
2026-10-06 17:13:54 | INFO | P06-HOME-SALES | === RUN START ===
2026-10-06 17:13:54 | INFO | P06-HOME-SALES | project=HOME SALES ANALYSIS COMPLETE
2026-10-06 17:13:54 | INFO | P06-HOME-SALES | repo_dir=datafun-07-final
2026-10-06 17:13:54 | INFO | P06-HOME-SALES | python=3.14.7
2026-10-06 17:13:54 | INFO | P06-HOME-SALES | os=Windows 11
2026-10-06 17:13:54 | INFO | P06-HOME-SALES | shell=powershell
2026-10-06 17:13:54 | INFO | P06-HOME-SALES | cwd=.
2026-10-06 17:13:54 | INFO | P06-HOME-SALES | github_actions=False
2026-10-06 17:17:47 | INFO | P06-HOME-SALES | === RUN START ===
2026-10-06 17:17:47 | INFO | P06-HOME-SALES | project=HOME SALES ANALYSIS
2026-10-06 17:17:47 | INFO | P06-HOME-SALES | repo_dir=datafun-07-final
2026-10-06 17:17:47 | INFO | P06-HOME-SALES | python=3.14.7
2026-10-06 17:17:47 | INFO | P06-HOME-SALES | os=Windows 11
2026-10-06 17:17:47 | INFO | P06-HOME-SALES | shell=powershell
2026-10-06 17:17:47 | INFO | P06-HOME-SALES | cwd=.
2026-10-06 17:17:47 | INFO | P06-HOME-SALES | github_actions=False
2026-10-06 17:17:47 | INFO | P06-HOME-SALES | Input data = data\raw\home_sales.csv
2026-10-06 17:17:47 | INFO | P06-HOME-SALES | Loading home sales data...
2026-10-06 17:17:47 | INFO | P06-HOME-SALES | Loaded 250 rows and 8 columns.
2026-10-06 17:17:47 | DEBUG | P06-HOME-SALES | Columns: ['neighborhood', 'property_type', 'price', 'sqft', 'bedrooms', 'bathrooms', 'year_built', 'satisfaction']
2026-10-06 17:17:47 | INFO | P06-HOME-SALES | Preview of home sales data:
2026-10-06 17:17:47 | INFO | P06-HOME-SALES | 
  neighborhood property_type   price  sqft  bedrooms  bathrooms  year_built  satisfaction
0     Downtown         House  565023  1104         2          2        1973             7
1   University         House  222153   697         1          1        1963             6
2     Historic         House  538965  1483         3          3        1980             6
3   Waterfront         House  911986  1505         3          3        1993             7
4   University         Condo  341819  1330         4          4        1997             4
2026-10-06 17:17:47 | INFO | P06-HOME-SALES | Data types:
2026-10-06 17:17:47 | INFO | P06-HOME-SALES | 
neighborhood       str
property_type      str
price            int64
sqft             int64
bedrooms         int64
bathrooms        int64
year_built       int64
satisfaction     int64
2026-10-06 17:17:47 | INFO | P06-HOME-SALES | Missing values:
2026-10-06 17:17:47 | INFO | P06-HOME-SALES | 
neighborhood     0
property_type    0
price            0
sqft             0
bedrooms         0
bathrooms        0
year_built       0
satisfaction     0
2026-10-06 17:17:47 | INFO | P06-HOME-SALES | Running exploratory data analysis...
2026-10-06 17:17:49 | INFO | P06-HOME-SALES | Exploratory data analysis complete.
2026-10-06 17:17:49 | INFO | P06-HOME-SALES | Running linear regression...
2026-10-06 17:17:49 | INFO | P06-HOME-SALES | Linear regression complete.
2026-10-06 17:17:49 | INFO | P06-HOME-SALES | Building HTML report...
2026-10-06 17:17:49 | INFO | P06-HOME-SALES | HTML report created: docs\home_sales\index.html
2026-10-06 17:17:49 | INFO | P06-HOME-SALES | Opening HTML report in default browser...
2026-10-06 17:17:49 | INFO | P06-HOME-SALES | === RUN START ===
2026-10-06 17:17:49 | INFO | P06-HOME-SALES | project=HOME SALES ANALYSIS COMPLETE
2026-10-06 17:17:49 | INFO | P06-HOME-SALES | repo_dir=datafun-07-final
2026-10-06 17:17:49 | INFO | P06-HOME-SALES | python=3.14.7
2026-10-06 17:17:49 | INFO | P06-HOME-SALES | os=Windows 11
2026-10-06 17:17:49 | INFO | P06-HOME-SALES | shell=powershell
2026-10-06 17:17:49 | INFO | P06-HOME-SALES | cwd=.
2026-10-06 17:17:49 | INFO | P06-HOME-SALES | github_actions=False
2026-10-06 17:20:22 | INFO | P06-HOME-SALES | === RUN START ===
2026-10-06 17:20:22 | INFO | P06-HOME-SALES | project=HOME SALES ANALYSIS
2026-10-06 17:20:22 | INFO | P06-HOME-SALES | repo_dir=datafun-07-final
2026-10-06 17:20:22 | INFO | P06-HOME-SALES | python=3.14.7
2026-10-06 17:20:22 | INFO | P06-HOME-SALES | os=Windows 11
2026-10-06 17:20:22 | INFO | P06-HOME-SALES | shell=powershell
2026-10-06 17:20:22 | INFO | P06-HOME-SALES | cwd=.
2026-10-06 17:20:22 | INFO | P06-HOME-SALES | github_actions=False
2026-10-06 17:20:22 | INFO | P06-HOME-SALES | Input data = data\raw\home_sales.csv
2026-10-06 17:20:22 | INFO | P06-HOME-SALES | Loading home sales data...
2026-10-06 17:20:22 | INFO | P06-HOME-SALES | Loaded 250 rows and 8 columns.
2026-10-06 17:20:22 | DEBUG | P06-HOME-SALES | Columns: ['neighborhood', 'property_type', 'price', 'sqft', 'bedrooms', 'bathrooms', 'year_built', 'satisfaction']
2026-10-06 17:20:22 | INFO | P06-HOME-SALES | Preview of home sales data:
2026-10-06 17:20:22 | INFO | P06-HOME-SALES | 
  neighborhood property_type   price  sqft  bedrooms  bathrooms  year_built  satisfaction
0     Downtown         House  565023  1104         2          2        1973             7
1   University         House  222153   697         1          1        1963             6
2     Historic         House  538965  1483         3          3        1980             6
3   Waterfront         House  911986  1505         3          3        1993             7
4   University         Condo  341819  1330         4          4        1997             4
2026-10-06 17:20:22 | INFO | P06-HOME-SALES | Data types:
2026-10-06 17:20:22 | INFO | P06-HOME-SALES | 
neighborhood       str
property_type      str
price            int64
sqft             int64
bedrooms         int64
bathrooms        int64
year_built       int64
satisfaction     int64
2026-10-06 17:20:22 | INFO | P06-HOME-SALES | Missing values:
2026-10-06 17:20:22 | INFO | P06-HOME-SALES | 
neighborhood     0
property_type    0
price            0
sqft             0
bedrooms         0
bathrooms        0
year_built       0
satisfaction     0
2026-10-06 17:20:22 | INFO | P06-HOME-SALES | Running exploratory data analysis...
2026-10-06 17:20:24 | INFO | P06-HOME-SALES | Exploratory data analysis complete.
2026-10-06 17:20:24 | INFO | P06-HOME-SALES | Running linear regression...
2026-10-06 17:20:25 | INFO | P06-HOME-SALES | Linear regression complete.
2026-10-06 17:20:25 | INFO | P06-HOME-SALES | Building HTML report...
2026-10-06 17:20:25 | INFO | P06-HOME-SALES | HTML report created: docs\home_sales\index.html
2026-10-06 17:20:25 | INFO | P06-HOME-SALES | Opening HTML report in default browser...
2026-10-06 17:20:25 | INFO | P06-HOME-SALES | === RUN START ===
2026-10-06 17:20:25 | INFO | P06-HOME-SALES | project=HOME SALES ANALYSIS COMPLETE
2026-10-06 17:20:25 | INFO | P06-HOME-SALES | repo_dir=datafun-07-final
2026-10-06 17:20:25 | INFO | P06-HOME-SALES | python=3.14.7
2026-10-06 17:20:25 | INFO | P06-HOME-SALES | os=Windows 11
2026-10-06 17:20:25 | INFO | P06-HOME-SALES | shell=powershell
2026-10-06 17:20:25 | INFO | P06-HOME-SALES | cwd=.
2026-10-06 17:20:25 | INFO | P06-HOME-SALES | github_actions=False
2026-10-06 17:21:53 | INFO | P06-HOME-SALES | === RUN START ===
2026-10-06 17:21:53 | INFO | P06-HOME-SALES | project=HOME SALES ANALYSIS
2026-10-06 17:21:53 | INFO | P06-HOME-SALES | repo_dir=datafun-07-final
2026-10-06 17:21:53 | INFO | P06-HOME-SALES | python=3.14.7
2026-10-06 17:21:53 | INFO | P06-HOME-SALES | os=Windows 11
2026-10-06 17:21:53 | INFO | P06-HOME-SALES | shell=powershell
2026-10-06 17:21:53 | INFO | P06-HOME-SALES | cwd=.
2026-10-06 17:21:53 | INFO | P06-HOME-SALES | github_actions=False
2026-10-06 17:21:53 | INFO | P06-HOME-SALES | Input data = data\raw\home_sales.csv
2026-10-06 17:21:53 | INFO | P06-HOME-SALES | Loading home sales data...
2026-10-06 17:21:53 | INFO | P06-HOME-SALES | Loaded 250 rows and 8 columns.
2026-10-06 17:21:53 | DEBUG | P06-HOME-SALES | Columns: ['neighborhood', 'property_type', 'price', 'sqft', 'bedrooms', 'bathrooms', 'year_built', 'satisfaction']
2026-10-06 17:21:53 | INFO | P06-HOME-SALES | Preview of home sales data:
2026-10-06 17:21:53 | INFO | P06-HOME-SALES | 
  neighborhood property_type   price  sqft  bedrooms  bathrooms  year_built  satisfaction
0     Downtown         House  565023  1104         2          2        1973             7
1   University         House  222153   697         1          1        1963             6
2     Historic         House  538965  1483         3          3        1980             6
3   Waterfront         House  911986  1505         3          3        1993             7
4   University         Condo  341819  1330         4          4        1997             4
2026-10-06 17:21:53 | INFO | P06-HOME-SALES | Data types:
2026-10-06 17:21:53 | INFO | P06-HOME-SALES | 
neighborhood       str
property_type      str
price            int64
sqft             int64
bedrooms         int64
bathrooms        int64
year_built       int64
satisfaction     int64
2026-10-06 17:21:53 | INFO | P06-HOME-SALES | Missing values:
2026-10-06 17:21:53 | INFO | P06-HOME-SALES | 
neighborhood     0
property_type    0
price            0
sqft             0
bedrooms         0
bathrooms        0
year_built       0
satisfaction     0
2026-10-06 17:21:53 | INFO | P06-HOME-SALES | Running exploratory data analysis...
2026-10-06 17:21:54 | INFO | P06-HOME-SALES | Exploratory data analysis complete.
2026-10-06 17:21:54 | INFO | P06-HOME-SALES | Running linear regression...
2026-10-06 17:21:55 | INFO | P06-HOME-SALES | Linear regression complete.
2026-10-06 17:21:55 | INFO | P06-HOME-SALES | Building HTML report...
2026-10-06 17:21:55 | INFO | P06-HOME-SALES | HTML report created: docs\home_sales\index.html
2026-10-06 17:21:55 | INFO | P06-HOME-SALES | Opening HTML report in default browser...
2026-10-06 17:21:55 | INFO | P06-HOME-SALES | === RUN START ===
2026-10-06 17:21:55 | INFO | P06-HOME-SALES | project=HOME SALES ANALYSIS COMPLETE
2026-10-06 17:21:55 | INFO | P06-HOME-SALES | repo_dir=datafun-07-final
2026-10-06 17:21:55 | INFO | P06-HOME-SALES | python=3.14.7
2026-10-06 17:21:55 | INFO | P06-HOME-SALES | os=Windows 11
2026-10-06 17:21:55 | INFO | P06-HOME-SALES | shell=powershell
2026-10-06 17:21:55 | INFO | P06-HOME-SALES | cwd=.
2026-10-06 17:21:55 | INFO | P06-HOME-SALES | github_actions=False
2026-10-06 17:24:51 | INFO | P06-HOME-SALES | === RUN START ===
2026-10-06 17:24:51 | INFO | P06-HOME-SALES | project=HOME SALES ANALYSIS
2026-10-06 17:24:51 | INFO | P06-HOME-SALES | repo_dir=datafun-07-final
2026-10-06 17:24:51 | INFO | P06-HOME-SALES | python=3.14.7
2026-10-06 17:24:51 | INFO | P06-HOME-SALES | os=Windows 11
2026-10-06 17:24:51 | INFO | P06-HOME-SALES | shell=powershell
2026-10-06 17:24:51 | INFO | P06-HOME-SALES | cwd=.
2026-10-06 17:24:51 | INFO | P06-HOME-SALES | github_actions=False
2026-10-06 17:24:51 | INFO | P06-HOME-SALES | Input data = data\raw\home_sales.csv
2026-10-06 17:24:51 | INFO | P06-HOME-SALES | Loading home sales data...
2026-10-06 17:24:51 | INFO | P06-HOME-SALES | Loaded 250 rows and 8 columns.
2026-10-06 17:24:51 | DEBUG | P06-HOME-SALES | Columns: ['neighborhood', 'property_type', 'price', 'sqft', 'bedrooms', 'bathrooms', 'year_built', 'satisfaction']
2026-10-06 17:24:51 | INFO | P06-HOME-SALES | Preview of home sales data:
2026-10-06 17:24:51 | INFO | P06-HOME-SALES | 
  neighborhood property_type   price  sqft  bedrooms  bathrooms  year_built  satisfaction
0     Downtown         House  565023  1104         2          2        1973             7
1   University         House  222153   697         1          1        1963             6
2     Historic         House  538965  1483         3          3        1980             6
3   Waterfront         House  911986  1505         3          3        1993             7
4   University         Condo  341819  1330         4          4        1997             4
2026-10-06 17:24:51 | INFO | P06-HOME-SALES | Data types:
2026-10-06 17:24:51 | INFO | P06-HOME-SALES | 
neighborhood       str
property_type      str
price            int64
sqft             int64
bedrooms         int64
bathrooms        int64
year_built       int64
satisfaction     int64
2026-10-06 17:24:51 | INFO | P06-HOME-SALES | Missing values:
2026-10-06 17:24:51 | INFO | P06-HOME-SALES | 
neighborhood     0
property_type    0
price            0
sqft             0
bedrooms         0
bathrooms        0
year_built       0
satisfaction     0
2026-10-06 17:24:51 | INFO | P06-HOME-SALES | Running exploratory data analysis...
2026-10-06 17:24:52 | INFO | P06-HOME-SALES | Exploratory data analysis complete.
2026-10-06 17:24:52 | INFO | P06-HOME-SALES | Running linear regression...
2026-10-06 17:24:53 | INFO | P06-HOME-SALES | Linear regression complete.
2026-10-06 17:24:53 | INFO | P06-HOME-SALES | Building HTML report...
2026-10-06 17:24:53 | INFO | P06-HOME-SALES | HTML report created: docs\home_sales\index.html
2026-10-06 17:24:53 | INFO | P06-HOME-SALES | Opening HTML report in default browser...
2026-10-06 17:24:53 | INFO | P06-HOME-SALES | === RUN START ===
2026-10-06 17:24:53 | INFO | P06-HOME-SALES | project=HOME SALES ANALYSIS COMPLETE
2026-10-06 17:24:53 | INFO | P06-HOME-SALES | repo_dir=datafun-07-final
2026-10-06 17:24:53 | INFO | P06-HOME-SALES | python=3.14.7
2026-10-06 17:24:53 | INFO | P06-HOME-SALES | os=Windows 11
2026-10-06 17:24:53 | INFO | P06-HOME-SALES | shell=powershell
2026-10-06 17:24:53 | INFO | P06-HOME-SALES | cwd=.
2026-10-06 17:24:53 | INFO | P06-HOME-SALES | github_actions=False
2026-10-06 17:27:24 | INFO | P06-HOME-SALES | === RUN START ===
2026-10-06 17:27:24 | INFO | P06-HOME-SALES | project=P06 - LINEAR REGRESSION - HOME SALES
2026-10-06 17:27:24 | INFO | P06-HOME-SALES | repo_dir=datafun-07-final
2026-10-06 17:27:24 | INFO | P06-HOME-SALES | python=3.14.7
2026-10-06 17:27:24 | INFO | P06-HOME-SALES | os=Windows 11
2026-10-06 17:27:24 | INFO | P06-HOME-SALES | shell=powershell
2026-10-06 17:27:24 | INFO | P06-HOME-SALES | cwd=.
2026-10-06 17:27:24 | INFO | P06-HOME-SALES | github_actions=False
2026-10-06 17:27:24 | INFO | P06-HOME-SALES | ===================================
2026-10-06 17:27:24 | INFO | P06-HOME-SALES | START main()
2026-10-06 17:27:24 | INFO | P06-HOME-SALES | ===================================
2026-10-06 17:27:24 | INFO | P06-HOME-SALES | -------------------------------
2026-10-06 17:27:24 | INFO | P06-HOME-SALES | 01. OBSERVE the data.
2026-10-06 17:27:24 | INFO | P06-HOME-SALES | -------------------------------
2026-10-06 17:27:24 | INFO | P06-HOME-SALES | data file = data\home_sales.csv
2026-10-06 17:27:26 | INFO | P06-HOME-SALES | === RUN START ===
2026-10-06 17:27:26 | INFO | P06-HOME-SALES | project=HOME SALES ANALYSIS
2026-10-06 17:27:26 | INFO | P06-HOME-SALES | repo_dir=datafun-07-final
2026-10-06 17:27:26 | INFO | P06-HOME-SALES | python=3.14.7
2026-10-06 17:27:26 | INFO | P06-HOME-SALES | os=Windows 11
2026-10-06 17:27:26 | INFO | P06-HOME-SALES | shell=powershell
2026-10-06 17:27:26 | INFO | P06-HOME-SALES | cwd=.
2026-10-06 17:27:26 | INFO | P06-HOME-SALES | github_actions=False
2026-10-06 17:27:26 | INFO | P06-HOME-SALES | Input data = data\raw\home_sales.csv
2026-10-06 17:27:26 | INFO | P06-HOME-SALES | Loading home sales data...
2026-10-06 17:27:26 | INFO | P06-HOME-SALES | Loaded 250 rows and 8 columns.
2026-10-06 17:27:26 | DEBUG | P06-HOME-SALES | Columns: ['neighborhood', 'property_type', 'price', 'sqft', 'bedrooms', 'bathrooms', 'year_built', 'satisfaction']
2026-10-06 17:27:26 | INFO | P06-HOME-SALES | Preview of home sales data:
2026-10-06 17:27:26 | INFO | P06-HOME-SALES | 
  neighborhood property_type   price  sqft  bedrooms  bathrooms  year_built  satisfaction
0     Downtown         House  565023  1104         2          2        1973             7
1   University         House  222153   697         1          1        1963             6
2     Historic         House  538965  1483         3          3        1980             6
3   Waterfront         House  911986  1505         3          3        1993             7
4   University         Condo  341819  1330         4          4        1997             4
2026-10-06 17:27:26 | INFO | P06-HOME-SALES | Data types:
2026-10-06 17:27:26 | INFO | P06-HOME-SALES | 
neighborhood       str
property_type      str
price            int64
sqft             int64
bedrooms         int64
bathrooms        int64
year_built       int64
satisfaction     int64
2026-10-06 17:27:26 | INFO | P06-HOME-SALES | Missing values:
2026-10-06 17:27:26 | INFO | P06-HOME-SALES | 
neighborhood     0
property_type    0
price            0
sqft             0
bedrooms         0
bathrooms        0
year_built       0
satisfaction     0
2026-10-06 17:27:26 | INFO | P06-HOME-SALES | Running exploratory data analysis...
2026-10-06 17:27:28 | INFO | P06-HOME-SALES | Exploratory data analysis complete.
2026-10-06 17:27:28 | INFO | P06-HOME-SALES | Running linear regression...
2026-10-06 17:27:28 | INFO | P06-HOME-SALES | Linear regression complete.
2026-10-06 17:27:28 | INFO | P06-HOME-SALES | Building HTML report...
2026-10-06 17:27:28 | INFO | P06-HOME-SALES | HTML report created: docs\home_sales\index.html
2026-10-06 17:27:28 | INFO | P06-HOME-SALES | Opening HTML report in default browser...
2026-10-06 17:27:28 | INFO | P06-HOME-SALES | === RUN START ===
2026-10-06 17:27:28 | INFO | P06-HOME-SALES | project=HOME SALES ANALYSIS COMPLETE
2026-10-06 17:27:28 | INFO | P06-HOME-SALES | repo_dir=datafun-07-final
2026-10-06 17:27:28 | INFO | P06-HOME-SALES | python=3.14.7
2026-10-06 17:27:28 | INFO | P06-HOME-SALES | os=Windows 11
2026-10-06 17:27:28 | INFO | P06-HOME-SALES | shell=powershell
2026-10-06 17:27:28 | INFO | P06-HOME-SALES | cwd=.
2026-10-06 17:27:28 | INFO | P06-HOME-SALES | github_actions=False
2026-10-06 17:27:44 | INFO | P06-HOME-SALES | === RUN START ===
2026-10-06 17:27:44 | INFO | P06-HOME-SALES | project=P06 - LINEAR REGRESSION - HOME SALES
2026-10-06 17:27:44 | INFO | P06-HOME-SALES | repo_dir=datafun-07-final
2026-10-06 17:27:44 | INFO | P06-HOME-SALES | python=3.14.7
2026-10-06 17:27:44 | INFO | P06-HOME-SALES | os=Windows 11
2026-10-06 17:27:44 | INFO | P06-HOME-SALES | shell=powershell
2026-10-06 17:27:44 | INFO | P06-HOME-SALES | cwd=.
2026-10-06 17:27:44 | INFO | P06-HOME-SALES | github_actions=False
2026-10-06 17:27:44 | INFO | P06-HOME-SALES | ===================================
2026-10-06 17:27:44 | INFO | P06-HOME-SALES | START main()
2026-10-06 17:27:44 | INFO | P06-HOME-SALES | ===================================
2026-10-06 17:27:44 | INFO | P06-HOME-SALES | -------------------------------
2026-10-06 17:27:44 | INFO | P06-HOME-SALES | 01. OBSERVE the data.
2026-10-06 17:27:44 | INFO | P06-HOME-SALES | -------------------------------
2026-10-06 17:27:44 | INFO | P06-HOME-SALES | data file = data\home_sales.csv
2026-10-06 17:29:00 | INFO | P06-HOME-SALES | === RUN START ===
2026-10-06 17:29:00 | INFO | P06-HOME-SALES | project=P06 - LINEAR REGRESSION - HOME SALES
2026-10-06 17:29:00 | INFO | P06-HOME-SALES | repo_dir=datafun-07-final
2026-10-06 17:29:00 | INFO | P06-HOME-SALES | python=3.14.7
2026-10-06 17:29:00 | INFO | P06-HOME-SALES | os=Windows 11
2026-10-06 17:29:00 | INFO | P06-HOME-SALES | shell=powershell
2026-10-06 17:29:00 | INFO | P06-HOME-SALES | cwd=.
2026-10-06 17:29:00 | INFO | P06-HOME-SALES | github_actions=False
2026-10-06 17:29:00 | INFO | P06-HOME-SALES | ===================================
2026-10-06 17:29:00 | INFO | P06-HOME-SALES | START main()
2026-10-06 17:29:00 | INFO | P06-HOME-SALES | ===================================
2026-10-06 17:29:00 | INFO | P06-HOME-SALES | -------------------------------
2026-10-06 17:29:00 | INFO | P06-HOME-SALES | 01. OBSERVE the data.
2026-10-06 17:29:00 | INFO | P06-HOME-SALES | -------------------------------
2026-10-06 17:29:00 | INFO | P06-HOME-SALES | data file = data\home_sales.csv
2026-10-06 17:38:02 | INFO | P06-HOME-SALES | === RUN START ===
2026-10-06 17:38:02 | INFO | P06-HOME-SALES | project=HOME SALES ANALYSIS
2026-10-06 17:38:02 | INFO | P06-HOME-SALES | repo_dir=datafun-07-final
2026-10-06 17:38:02 | INFO | P06-HOME-SALES | python=3.14.7
2026-10-06 17:38:02 | INFO | P06-HOME-SALES | os=Windows 11
2026-10-06 17:38:02 | INFO | P06-HOME-SALES | shell=powershell
2026-10-06 17:38:02 | INFO | P06-HOME-SALES | cwd=.
2026-10-06 17:38:02 | INFO | P06-HOME-SALES | github_actions=False
2026-10-06 17:38:02 | INFO | P06-HOME-SALES | Input data = data\raw\home_sales.csv
2026-10-06 17:38:02 | INFO | P06-HOME-SALES | Loading home sales data...
2026-10-06 17:38:02 | INFO | P06-HOME-SALES | Loaded 250 rows and 8 columns.
2026-10-06 17:38:02 | DEBUG | P06-HOME-SALES | Columns: ['neighborhood', 'property_type', 'price', 'sqft', 'bedrooms', 'bathrooms', 'year_built', 'satisfaction']
2026-10-06 17:38:02 | INFO | P06-HOME-SALES | Preview of home sales data:
2026-10-06 17:38:02 | INFO | P06-HOME-SALES | 
  neighborhood property_type   price  sqft  bedrooms  bathrooms  year_built  satisfaction
0     Downtown         House  565023  1104         2          2        1973             7
1   University         House  222153   697         1          1        1963             6
2     Historic         House  538965  1483         3          3        1980             6
3   Waterfront         House  911986  1505         3          3        1993             7
4   University         Condo  341819  1330         4          4        1997             4
2026-10-06 17:38:02 | INFO | P06-HOME-SALES | Data types:
2026-10-06 17:38:02 | INFO | P06-HOME-SALES | 
neighborhood       str
property_type      str
price            int64
sqft             int64
bedrooms         int64
bathrooms        int64
year_built       int64
satisfaction     int64
2026-10-06 17:38:02 | INFO | P06-HOME-SALES | Missing values:
2026-10-06 17:38:02 | INFO | P06-HOME-SALES | 
neighborhood     0
property_type    0
price            0
sqft             0
bedrooms         0
bathrooms        0
year_built       0
satisfaction     0
2026-10-06 17:38:02 | INFO | P06-HOME-SALES | Running exploratory data analysis...
2026-10-06 17:38:04 | INFO | P06-HOME-SALES | Exploratory data analysis complete.
2026-10-06 17:38:04 | INFO | P06-HOME-SALES | Running linear regression...
2026-10-06 17:38:04 | INFO | P06-HOME-SALES | Linear regression complete.
2026-10-06 17:38:04 | INFO | P06-HOME-SALES | Building HTML report...
2026-10-06 17:38:04 | INFO | P06-HOME-SALES | HTML report created: docs\home_sales\index.html
2026-10-06 17:38:04 | INFO | P06-HOME-SALES | Opening HTML report in default browser...
2026-10-06 17:38:04 | INFO | P06-HOME-SALES | === RUN START ===
2026-10-06 17:38:04 | INFO | P06-HOME-SALES | project=HOME SALES ANALYSIS COMPLETE
2026-10-06 17:38:04 | INFO | P06-HOME-SALES | repo_dir=datafun-07-final
2026-10-06 17:38:04 | INFO | P06-HOME-SALES | python=3.14.7
2026-10-06 17:38:04 | INFO | P06-HOME-SALES | os=Windows 11
2026-10-06 17:38:04 | INFO | P06-HOME-SALES | shell=powershell
2026-10-06 17:38:04 | INFO | P06-HOME-SALES | cwd=.
2026-10-06 17:38:04 | INFO | P06-HOME-SALES | github_actions=False
2026-10-06 17:44:44 | INFO | P06-HOME-SALES | === RUN START ===
2026-10-06 17:44:44 | INFO | P06-HOME-SALES | project=HOME SALES ANALYSIS
2026-10-06 17:44:44 | INFO | P06-HOME-SALES | repo_dir=datafun-07-final
2026-10-06 17:44:44 | INFO | P06-HOME-SALES | python=3.14.7
2026-10-06 17:44:44 | INFO | P06-HOME-SALES | os=Windows 11
2026-10-06 17:44:44 | INFO | P06-HOME-SALES | shell=powershell
2026-10-06 17:44:44 | INFO | P06-HOME-SALES | cwd=.
2026-10-06 17:44:44 | INFO | P06-HOME-SALES | github_actions=False
2026-10-06 17:44:44 | INFO | P06-HOME-SALES | Input data = data\raw\home_sales.csv
2026-10-06 17:44:44 | INFO | P06-HOME-SALES | Loading home sales data...
2026-10-06 17:44:44 | INFO | P06-HOME-SALES | Loaded 250 rows and 8 columns.
2026-10-06 17:44:44 | DEBUG | P06-HOME-SALES | Columns: ['neighborhood', 'property_type', 'price', 'sqft', 'bedrooms', 'bathrooms', 'year_built', 'satisfaction']
2026-10-06 17:44:44 | INFO | P06-HOME-SALES | Preview of home sales data:
2026-10-06 17:44:44 | INFO | P06-HOME-SALES | 
  neighborhood property_type   price  sqft  bedrooms  bathrooms  year_built  satisfaction
0     Downtown         House  565023  1104         2          2        1973             7
1   University         House  222153   697         1          1        1963             6
2     Historic         House  538965  1483         3          3        1980             6
3   Waterfront         House  911986  1505         3          3        1993             7
4   University         Condo  341819  1330         4          4        1997             4
2026-10-06 17:44:44 | INFO | P06-HOME-SALES | Data types:
2026-10-06 17:44:44 | INFO | P06-HOME-SALES | 
neighborhood       str
property_type      str
price            int64
sqft             int64
bedrooms         int64
bathrooms        int64
year_built       int64
satisfaction     int64
2026-10-06 17:44:44 | INFO | P06-HOME-SALES | Missing values:
2026-10-06 17:44:44 | INFO | P06-HOME-SALES | 
neighborhood     0
property_type    0
price            0
sqft             0
bedrooms         0
bathrooms        0
year_built       0
satisfaction     0
2026-10-06 17:44:44 | INFO | P06-HOME-SALES | Running exploratory data analysis...
2026-10-06 17:44:45 | INFO | P06-HOME-SALES | Exploratory data analysis complete.
2026-10-06 17:44:45 | INFO | P06-HOME-SALES | Running linear regression...
2026-10-06 17:44:46 | INFO | P06-HOME-SALES | Linear regression complete.
2026-10-06 17:44:46 | INFO | P06-HOME-SALES | Building HTML report...
2026-10-06 17:44:46 | INFO | P06-HOME-SALES | HTML report created: docs\home_sales\index.html
2026-10-06 17:44:46 | INFO | P06-HOME-SALES | Opening HTML report in default browser...
2026-10-06 17:44:46 | INFO | P06-HOME-SALES | === RUN START ===
2026-10-06 17:44:46 | INFO | P06-HOME-SALES | project=HOME SALES ANALYSIS COMPLETE
2026-10-06 17:44:46 | INFO | P06-HOME-SALES | repo_dir=datafun-07-final
2026-10-06 17:44:46 | INFO | P06-HOME-SALES | python=3.14.7
2026-10-06 17:44:46 | INFO | P06-HOME-SALES | os=Windows 11
2026-10-06 17:44:46 | INFO | P06-HOME-SALES | shell=powershell
2026-10-06 17:44:46 | INFO | P06-HOME-SALES | cwd=.
2026-10-06 17:44:46 | INFO | P06-HOME-SALES | github_actions=False
2026-10-06 17:46:44 | INFO | P06-HOME-SALES | === RUN START ===
2026-10-06 17:46:44 | INFO | P06-HOME-SALES | project=HOME SALES ANALYSIS
2026-10-06 17:46:44 | INFO | P06-HOME-SALES | repo_dir=datafun-07-final
2026-10-06 17:46:44 | INFO | P06-HOME-SALES | python=3.14.7
2026-10-06 17:46:44 | INFO | P06-HOME-SALES | os=Windows 11
2026-10-06 17:46:44 | INFO | P06-HOME-SALES | shell=powershell
2026-10-06 17:46:44 | INFO | P06-HOME-SALES | cwd=.
2026-10-06 17:46:44 | INFO | P06-HOME-SALES | github_actions=False
2026-10-06 17:46:44 | INFO | P06-HOME-SALES | Input data = data\raw\home_sales.csv
2026-10-06 17:46:44 | INFO | P06-HOME-SALES | Loading home sales data...
2026-10-06 17:46:44 | INFO | P06-HOME-SALES | Loaded 250 rows and 8 columns.
2026-10-06 17:46:44 | DEBUG | P06-HOME-SALES | Columns: ['neighborhood', 'property_type', 'price', 'sqft', 'bedrooms', 'bathrooms', 'year_built', 'satisfaction']
2026-10-06 17:46:44 | INFO | P06-HOME-SALES | Preview of home sales data:
2026-10-06 17:46:44 | INFO | P06-HOME-SALES | 
  neighborhood property_type   price  sqft  bedrooms  bathrooms  year_built  satisfaction
0     Downtown         House  565023  1104         2          2        1973             7
1   University         House  222153   697         1          1        1963             6
2     Historic         House  538965  1483         3          3        1980             6
3   Waterfront         House  911986  1505         3          3        1993             7
4   University         Condo  341819  1330         4          4        1997             4
2026-10-06 17:46:44 | INFO | P06-HOME-SALES | Data types:
2026-10-06 17:46:44 | INFO | P06-HOME-SALES | 
neighborhood       str
property_type      str
price            int64
sqft             int64
bedrooms         int64
bathrooms        int64
year_built       int64
satisfaction     int64
2026-10-06 17:46:44 | INFO | P06-HOME-SALES | Missing values:
2026-10-06 17:46:44 | INFO | P06-HOME-SALES | 
neighborhood     0
property_type    0
price            0
sqft             0
bedrooms         0
bathrooms        0
year_built       0
satisfaction     0
2026-10-06 17:46:44 | INFO | P06-HOME-SALES | Running exploratory data analysis...
2026-10-06 17:46:45 | INFO | P06-HOME-SALES | Exploratory data analysis complete.
2026-10-06 17:46:45 | INFO | P06-HOME-SALES | Running linear regression...
2026-10-06 17:46:46 | INFO | P06-HOME-SALES | Linear regression complete.
2026-10-06 17:46:46 | INFO | P06-HOME-SALES | Building HTML report...
2026-10-06 17:46:46 | INFO | P06-HOME-SALES | HTML report created: docs\home_sales\index.html
2026-10-06 17:46:46 | INFO | P06-HOME-SALES | Opening HTML report in default browser...
2026-10-06 17:46:46 | INFO | P06-HOME-SALES | === RUN START ===
2026-10-06 17:46:46 | INFO | P06-HOME-SALES | project=HOME SALES ANALYSIS COMPLETE
2026-10-06 17:46:46 | INFO | P06-HOME-SALES | repo_dir=datafun-07-final
2026-10-06 17:46:46 | INFO | P06-HOME-SALES | python=3.14.7
2026-10-06 17:46:46 | INFO | P06-HOME-SALES | os=Windows 11
2026-10-06 17:46:46 | INFO | P06-HOME-SALES | shell=powershell
2026-10-06 17:46:46 | INFO | P06-HOME-SALES | cwd=.
2026-10-06 17:46:46 | INFO | P06-HOME-SALES | github_actions=False
2026-10-06 17:51:17 | INFO | P06-HOME-SALES | === RUN START ===
2026-10-06 17:51:17 | INFO | P06-HOME-SALES | project=HOME SALES ANALYSIS
2026-10-06 17:51:17 | INFO | P06-HOME-SALES | repo_dir=datafun-07-final
2026-10-06 17:51:17 | INFO | P06-HOME-SALES | python=3.14.7
2026-10-06 17:51:17 | INFO | P06-HOME-SALES | os=Windows 11
2026-10-06 17:51:17 | INFO | P06-HOME-SALES | shell=powershell
2026-10-06 17:51:17 | INFO | P06-HOME-SALES | cwd=.
2026-10-06 17:51:17 | INFO | P06-HOME-SALES | github_actions=False
2026-10-06 17:51:17 | INFO | P06-HOME-SALES | Input data = data\raw\home_sales.csv
2026-10-06 17:51:17 | INFO | P06-HOME-SALES | Loading home sales data...
2026-10-06 17:51:17 | INFO | P06-HOME-SALES | Loaded 250 rows and 8 columns.
2026-10-06 17:51:17 | DEBUG | P06-HOME-SALES | Columns: ['neighborhood', 'property_type', 'price', 'sqft', 'bedrooms', 'bathrooms', 'year_built', 'satisfaction']
2026-10-06 17:51:17 | INFO | P06-HOME-SALES | Preview of home sales data:
2026-10-06 17:51:17 | INFO | P06-HOME-SALES | 
  neighborhood property_type   price  sqft  bedrooms  bathrooms  year_built  satisfaction
0     Downtown         House  565023  1104         2          2        1973             7
1   University         House  222153   697         1          1        1963             6
2     Historic         House  538965  1483         3          3        1980             6
3   Waterfront         House  911986  1505         3          3        1993             7
4   University         Condo  341819  1330         4          4        1997             4
2026-10-06 17:51:17 | INFO | P06-HOME-SALES | Data types:
2026-10-06 17:51:17 | INFO | P06-HOME-SALES | 
neighborhood       str
property_type      str
price            int64
sqft             int64
bedrooms         int64
bathrooms        int64
year_built       int64
satisfaction     int64
2026-10-06 17:51:17 | INFO | P06-HOME-SALES | Missing values:
2026-10-06 17:51:17 | INFO | P06-HOME-SALES | 
neighborhood     0
property_type    0
price            0
sqft             0
bedrooms         0
bathrooms        0
year_built       0
satisfaction     0
2026-10-06 17:51:17 | INFO | P06-HOME-SALES | Running exploratory data analysis...
2026-10-06 17:51:19 | INFO | P06-HOME-SALES | Exploratory data analysis complete.
2026-10-06 17:51:19 | INFO | P06-HOME-SALES | Running linear regression...
2026-10-06 17:51:19 | INFO | P06-HOME-SALES | Linear regression complete.
2026-10-06 17:51:19 | INFO | P06-HOME-SALES | Building HTML report...
2026-10-06 17:51:19 | INFO | P06-HOME-SALES | HTML report created: docs\home_sales\index.html
2026-10-06 17:51:19 | INFO | P06-HOME-SALES | Opening HTML report in default browser...
2026-10-06 17:51:19 | INFO | P06-HOME-SALES | === RUN START ===
2026-10-06 17:51:19 | INFO | P06-HOME-SALES | project=HOME SALES ANALYSIS COMPLETE
2026-10-06 17:51:19 | INFO | P06-HOME-SALES | repo_dir=datafun-07-final
2026-10-06 17:51:19 | INFO | P06-HOME-SALES | python=3.14.7
2026-10-06 17:51:19 | INFO | P06-HOME-SALES | os=Windows 11
2026-10-06 17:51:19 | INFO | P06-HOME-SALES | shell=powershell
2026-10-06 17:51:19 | INFO | P06-HOME-SALES | cwd=.
2026-10-06 17:51:19 | INFO | P06-HOME-SALES | github_actions=False
